id,etf_code,date,start_price,last_price,weekly_return,monthly_return,etf_name,company_name,listing_date,theme
1,459580,2025-04-25,1067820,1068370,-0.03,-0.04,KODEX CD금리액티브(합성),삼성자산운용(ETF),20230608,SECTOR
2,360750,2025-04-25,18840,19680,0.09,-0.03,TIGER 미국S&P500,미래에셋자산운용,20200807,SECTOR
3,069500,2025-04-25,33385,34255,0.05,0.04,KODEX 200,삼성자산운용(ETF),20021014,DIVIDEND
4,488770,2025-04-25,102580,102640,0.02,-0.04,KODEX 머니마켓액티브,삼성자산운용(ETF),20240806,EMERGING_MARKETS
5,357870,2025-04-25,55955,55980,-0.07,0.01,TIGER CD금리투자KIS(합성),미래에셋자산운용,20200707,DIVIDEND
6,133690,2025-04-25,116340,123350,-0.07,-0.0,TIGER 미국나스닥100,미래에셋자산운용,20101018,SECTOR
7,379800,2025-04-25,17330,18095,-0.09,0.03,KODEX 미국S&P500,삼성자산운용(ETF),20210409,EMERGING_MARKETS
8,423160,2025-04-25,110060,110115,0.07,0.09,KODEX KOFR금리액티브(합성),삼성자산운용(ETF),20220426,ESG
9,273130,2025-04-25,119450,119465,0.02,0.05,KODEX 종합채권(AA-이상)액티브,삼성자산운용(ETF),20170629,EMERGING_MARKETS
10,449170,2025-04-25,108565,108625,0.04,-0.06,TIGER KOFR금리액티브(합성),미래에셋자산운용,20221130,DIVIDEND
11,381170,2025-04-25,19560,21075,-0.1,-0.09,TIGER 미국테크TOP10 INDXX,미래에셋자산운용,20210409,SECTOR
12,455890,2025-04-25,54040,54075,0.09,-0.05,RISE 머니마켓액티브,KB자산운용,20230509,EMERGING_MARKETS
13,122630,2025-04-25,14650,15435,0.07,0.02,KODEX 레버리지,삼성자산운용(ETF),20100222,DIVIDEND
14,102110,2025-04-25,33315,34205,-0.06,-0.09,TIGER 200,미래에셋자산운용,20080403,DIVIDEND
15,278530,2025-04-25,11740,12050,-0.06,-0.0,KODEX 200TR,삼성자산운용(ETF),20171121,SECTOR
16,379810,2025-04-25,17435,18515,-0.06,0.02,KODEX 미국나스닥100,삼성자산운용(ETF),20210409,SECTOR
17,481050,2025-04-25,1023230,1023780,-0.04,-0.03,KODEX CD1년금리플러스액티브(합성),삼성자산운용(ETF),20240423,DIVIDEND
18,381180,2025-04-25,14460,15960,0.0,0.05,TIGER 미국필라델피아반도체나스닥,미래에셋자산운용,20210409,SECTOR
19,453850,2025-04-25,7815,7820,-0.01,-0.08,ACE 미국30년국채액티브(H),한국투자신탁운용,20230314,USA
20,233740,2025-04-25,6985,7215,-0.04,-0.08,KODEX 코스닥150레버리지,삼성자산운용(ETF),20151217,SECTOR
21,310970,2025-04-25,13890,14245,0.02,0.05,TIGER MSCI Korea TR,미래에셋자산운용,20181120,KOREA
22,458730,2025-04-25,11625,11760,-0.07,-0.0,TIGER 미국배당다우존스,미래에셋자산운용,20230620,DIVIDEND
23,360200,2025-04-25,19020,19870,-0.04,0.04,ACE 미국S&P500,한국투신운용(ETF),20200807,SEMICONDUCTOR
24,371460,2025-04-25,8965,9615,-0.03,-0.01,TIGER 차이나전기차SOLACTIVE,미래에셋자산운용,20201208,SECTOR
25,453540,2025-04-25,54785,54815,-0.01,-0.05,TIGER 25-10 회사채(A+이상)액티브,미래에셋자산운용,20230323,MULTI_ASSET
26,214980,2025-04-25,114235,114305,0.06,0.06,KODEX 단기채권PLUS,삼성자산운용(ETF),20150303,GOVERNMENT_BOND
27,385540,2025-04-25,110895,111010,-0.06,0.06,RISE 종합채권(A-이상)액티브,KB자산운용,20210526,HIGH_RISK
28,367380,2025-04-25,19945,21170,0.0,0.04,ACE 미국나스닥100,한국투신운용(ETF),20201029,SECTOR
29,411060,2025-04-25,21450,21755,0.02,-0.05,ACE KRX금현물,한국투자신탁운용,20211215,SECTOR
30,229200,2025-04-25,11780,11980,-0.09,0.02,KODEX 코스닥150,삼성자산운용(ETF),20151001,SECTOR
31,476550,2025-04-25,8215,8225,0.02,-0.03,TIGER 미국30년국채커버드콜액티브(H),미래에셋자산운용,20240227,DIVIDEND
32,494900,2025-04-25,51005,51035,-0.07,-0.08,TIGER 25-12 금융채(AA-이상),미래에셋자산운용,20241029,GOVERNMENT_BOND
33,148020,2025-04-25,33640,34515,-0.09,0.08,RISE 200,KB자산운용,20111020,DIVIDEND
34,102780,2025-04-25,8185,8310,0.09,-0.07,KODEX 삼성그룹,삼성자산운용(ETF),20080521,KOREA
35,477080,2025-04-25,103635,103685,0.09,0.09,RISE CD금리액티브(합성),KB자산운용,20240326,DIVIDEND
36,252670,2025-04-25,2300,2180,0.06,-0.01,KODEX 200선물인버스2X,삼성자산운용(ETF),20160922,MULTI_ASSET
37,475630,2025-04-25,1042010,1042555,-0.04,-0.06,TIGER CD1년금리액티브(합성),미래에셋자산운용,20240206,DIVIDEND
38,491080,2025-04-25,102355,102420,-0.08,0.01,KODEX 25-12 은행채(AAA)액티브,삼성자산운용(ETF),20240910,EMERGING_MARKETS
39,457480,2025-04-25,11345,12355,0.04,0.07,ACE 테슬라밸류체인액티브,한국투자신탁운용,20230516,DEFENSE
40,458760,2025-04-25,9750,9840,-0.01,0.05,TIGER 미국배당다우존스타겟커버드콜2호,미래에셋자산운용,20230620,SECTOR
41,371160,2025-04-25,7700,8190,-0.08,0.06,TIGER 차이나항셍테크,미래에셋자산운용,20201216,SECTOR
42,305720,2025-04-25,10725,11070,-0.0,0.03,KODEX 2차전지산업,삼성자산운용(ETF),20180912,DEFENSE
43,292150,2025-04-25,10235,10530,-0.09,0.04,TIGER TOP10,미래에셋자산운용,20180330,DIVIDEND
44,379780,2025-04-25,16395,17135,0.08,0.07,RISE 미국S&P500,KB자산운용,20210409,USA
45,476810,2025-04-25,10522,10530,-0.05,-0.05,KODEX 25-11 은행채(AA-이상)PLUS액티브,삼성자산운용(ETF),20240305,EMERGING_MARKETS
46,451540,2025-04-25,57220,57280,0.03,-0.0,TIGER 종합채권(AA-이상)액티브,미래에셋자산운용,20230201,EMERGING_MARKETS
47,368590,2025-04-25,19290,20470,-0.04,-0.06,RISE 미국나스닥100,KB자산운용,20201106,DIVIDEND
48,305540,2025-04-25,13155,13545,0.0,0.1,TIGER 2차전지테마,미래에셋자산운용,20180912,SECTOR
49,436140,2025-04-25,115805,115920,0.01,0.09,SOL 종합채권(AA-이상)액티브,신한자산운용,20220809,EMERGING_MARKETS
50,466920,2025-04-25,20945,22795,-0.06,-0.09,SOL 조선TOP3플러스,신한자산운용,20231005,MULTI_ASSET
51,157450,2025-04-25,110160,110215,0.09,0.04,TIGER 단기통안채,미래에셋자산운용,20120516,DIVIDEND
52,294400,2025-04-25,42655,43820,0.06,0.09,KIWOOM 200TR,키움투자자산운용,20180423,REITS
53,446720,2025-04-25,10670,10790,0.09,-0.06,SOL 미국배당다우존스,신한자산운용,20221115,DIVIDEND
54,449450,2025-04-25,36000,36785,0.08,0.01,PLUS K방산,한화자산운용,20230105,DIVIDEND
55,458250,2025-04-25,38545,38955,0.02,0.08,TIGER 미국30년국채스트립액티브(합성 H),미래에셋자산운용,20230531,DIVIDEND
56,356540,2025-04-25,109245,109415,0.08,-0.09,ACE 종합채권(AA-이상)KIS액티브,한국투신운용(ETF),20200721,EMERGING_MARKETS
57,469830,2025-04-25,53015,53017,-0.08,0.04,SOL 초단기채권액티브,신한자산운용,20231107,EMERGING_MARKETS
58,315930,2025-04-25,20170,20845,-0.06,-0.04,KODEX Top5PlusTR,삼성자산운용(ETF),20190122,MULTI_ASSET
59,161510,2025-04-25,14735,15240,-0.09,0.08,PLUS 고배당주,한화자산운용,20120829,DIVIDEND
60,449180,2025-04-25,12300,12720,-0.03,0.09,KODEX 미국S&P500(H),삼성자산운용(ETF),20221202,SECTOR
61,486290,2025-04-25,8500,8960,-0.02,0.09,TIGER 미국나스닥100타겟데일리커버드콜,미래에셋자산운용,20240625,SECTOR
62,479080,2025-04-25,52060,52095,-0.05,-0.01,1Q 머니마켓액티브,하나자산운용,20240402,MULTI_ASSET
63,329750,2025-04-25,12900,13015,0.07,0.07,TIGER 미국달러단기채권액티브,미래에셋자산운용,20190724,GOVERNMENT_BOND
64,329200,2025-04-25,4250,4270,-0.03,0.07,TIGER 리츠부동산인프라,미래에셋자산운용,20190719,DEFENSE
65,152100,2025-04-25,33945,34825,-0.04,-0.04,PLUS 200,한화자산운용,20120110,DIVIDEND
66,153130,2025-04-25,112955,113030,0.01,0.07,KODEX 단기채권,삼성자산운용(ETF),20120222,GOVERNMENT_BOND
67,396500,2025-04-25,9200,9690,-0.07,-0.09,TIGER Fn반도체TOP10,미래에셋자산운용,20210810,DIVIDEND
68,402970,2025-04-25,11785,11920,0.06,0.02,ACE 미국배당다우존스,한국투신운용(ETF),20211021,DIVIDEND
69,465580,2025-04-25,14505,15585,-0.09,-0.05,ACE 미국빅테크TOP7 Plus,한국투신운용(ETF),20230912,MULTI_ASSET
70,091160,2025-04-25,29445,30835,0.1,-0.08,KODEX 반도체,삼성자산운용(ETF),20060627,SEMICONDUCTOR
71,453870,2025-04-25,13350,13715,0.05,-0.08,TIGER 인도니프티50,미래에셋자산운용,20230414,DIVIDEND
72,481060,2025-04-25,8785,8835,-0.06,0.04,KODEX 미국30년국채타겟커버드콜(합성 H),삼성자산운용(ETF),20240430,SECTOR
73,439870,2025-04-25,126775,126465,-0.1,-0.03,KODEX 국고채30년액티브,삼성자산운용(ETF),20220823,EMERGING_MARKETS
74,314250,2025-04-25,39475,43140,0.06,0.04,KODEX 미국빅테크10(H),삼성자산운용(ETF),20190110,SECTOR
75,278540,2025-04-25,11040,11335,0.04,-0.09,KODEX MSCI Korea TR,삼성자산운용(ETF),20171109,KOREA
76,114800,2025-04-25,4580,4465,0.05,-0.04,KODEX 인버스,삼성자산운용(ETF),20090916,REITS
77,456610,2025-04-25,58560,59035,0.05,0.01,TIGER 미국달러SOFR금리액티브(합성),미래에셋자산운용,20230509,DIVIDEND
78,272580,2025-04-25,55580,55605,-0.09,0.06,TIGER 단기채권액티브,미래에셋자산운용,20170629,GOVERNMENT_BOND
79,148070,2025-04-25,117750,118050,-0.03,-0.04,KIWOOM 국고채10년,키움투자자산운용,20111020,SECTOR
80,226490,2025-04-25,25800,26465,-0.08,0.03,KODEX 코스피,삼성자산운용(ETF),20150824,DIVIDEND
81,114260,2025-04-25,62705,62780,0.07,0.08,KODEX 국고채3년,삼성자산운용(ETF),20090729,SECTOR
82,477050,2025-04-25,52045,52065,0.02,0.02,PLUS 머니마켓액티브,한화자산운용,20240326,EMERGING_MARKETS
83,139260,2025-04-25,24780,25660,-0.03,-0.05,TIGER 200 IT,미래에셋자산운용,20110406,DIVIDEND
84,438330,2025-04-25,117430,117630,-0.09,-0.1,TIGER 우량회사채액티브,미래에셋자산운용,20220823,EMERGING_MARKETS
85,385560,2025-04-25,86795,86400,-0.04,0.07,RISE KIS국고채30년Enhanced,KB자산운용,20210526,DIVIDEND
86,453810,2025-04-25,13635,14000,-0.03,-0.1,KODEX 인도Nifty50,삼성자산운용(ETF),20230421,SECTOR
87,462010,2025-04-25,3505,3645,0.05,0.07,TIGER 2차전지소재Fn,미래에셋자산운용,20230713,DIVIDEND
88,091180,2025-04-25,17575,18090,0.03,0.01,KODEX 자동차,삼성자산운용(ETF),20060627,REITS
89,484790,2025-04-25,9060,9090,0.08,0.09,KODEX 미국30년국채액티브(H),삼성자산운용(ETF),20240618,SECTOR
90,447770,2025-04-25,12580,13030,-0.01,0.06,TIGER 테슬라채권혼합Fn,미래에셋자산운용,20221129,DIVIDEND
91,474220,2025-04-25,11140,11885,-0.08,0.1,TIGER 미국테크TOP10타겟커버드콜,미래에셋자산운용,20240116,DIVIDEND
92,105190,2025-04-25,33875,34785,0.04,-0.03,ACE 200,한국투신운용(ETF),20080925,DIVIDEND
93,487230,2025-04-25,10215,11060,0.05,0.05,KODEX 미국AI전력핵심인프라,삼성자산운용(ETF),20240709,DEFENSE
94,454780,2025-04-25,110020,110120,0.01,-0.02,KIWOOM 종합채권(AA-이상)액티브,키움투자자산운용,20230411,EMERGING_MARKETS
95,473290,2025-04-25,10755,10755,0.05,-0.0,KODEX 26-12 회사채(AA-이상)액티브,삼성자산운용(ETF),20231212,EMERGING_MARKETS
96,390390,2025-04-25,18990,20680,-0.0,0.03,KODEX 미국반도체,삼성자산운용(ETF),20210630,USA
97,448290,2025-04-25,12740,13195,0.0,0.07,TIGER 미국S&P500TR(H),미래에셋자산운용,20221125,SECTOR
98,441680,2025-04-25,9925,10180,-0.01,0.1,TIGER 미국나스닥100커버드콜(합성),미래에셋자산운용,20220922,SECTOR
99,498400,2025-04-25,9205,9430,-0.09,0.05,KODEX 200타겟위클리커버드콜,삼성자산운용(ETF),20241203,DIVIDEND
100,449190,2025-04-25,14335,15080,-0.08,-0.02,KODEX 미국나스닥100(H),삼성자산운용(ETF),20221202,SECTOR
101,455030,2025-04-25,12110,12225,-0.09,-0.02,KODEX 미국달러SOFR금리액티브(합성),삼성자산운용(ETF),20230404,DIVIDEND
102,499660,2025-04-25,1001940,1002470,0.03,0.05,TIGER CD금리플러스액티브(합성),미래에셋자산운용,20241217,DIVIDEND
103,472870,2025-04-25,8895,8980,-0.04,-0.05,RISE 미국30년국채엔화노출(합성 H),KB자산운용,20231227,USA
104,293180,2025-04-25,33500,34370,0.0,-0.08,HANARO 200,NH-Amundi자산운용,20180330,SECTOR
105,438080,2025-04-25,12560,12755,0.08,-0.03,ACE 미국S&P500채권혼합액티브,한국투자신탁운용,20220826,EMERGING_MARKETS
106,456600,2025-04-25,20010,21530,-0.05,-0.04,TIMEFOLIO 글로벌AI인공지능액티브,타임폴리오자산운용,20230516,DEFENSE
107,069660,2025-04-25,33470,34315,-0.02,-0.04,KIWOOM 200,키움투자자산운용,20021014,REITS
108,475720,2025-04-25,7945,8115,0.05,-0.05,RISE 200위클리커버드콜,KB자산운용,20240305,DIVIDEND
109,483280,2025-04-25,8845,9485,-0.05,-0.09,KODEX 미국AI테크TOP10타겟커버드콜,삼성자산운용(ETF),20240528,SECTOR
110,441640,2025-04-25,10870,11170,-0.08,-0.1,KODEX 미국배당커버드콜액티브,삼성자산운용(ETF),20220927,USA
111,466940,2025-04-25,13985,14525,-0.04,0.1,TIGER 은행고배당플러스TOP10,미래에셋자산운용,20231017,DIVIDEND
112,251350,2025-04-25,28490,29780,-0.07,-0.01,KODEX 선진국MSCI World,삼성자산운용(ETF),20160817,DEFENSE
113,196230,2025-04-25,114810,114920,0.09,-0.02,RISE 단기통안채,KB자산운용,20140519,DIVIDEND
114,451000,2025-04-25,116475,116480,0.06,0.04,PLUS 종합채권(AA-이상)액티브,한화자산운용,20230110,MULTI_ASSET
115,091170,2025-04-25,8460,8800,0.03,-0.06,KODEX 은행,삼성자산운용(ETF),20060627,REITS
116,439860,2025-04-25,114860,115285,0.07,0.09,KODEX ESG종합채권(A-이상)액티브,삼성자산운용(ETF),20220823,ESG
117,489250,2025-04-25,9955,10085,0.06,0.06,KODEX 미국배당다우존스,삼성자산운용(ETF),20240813,SECTOR
118,0007F0,2025-04-25,10160,10160,-0.06,-0.08,KODEX 27-12 회사채(AA-이상)액티브,삼성자산운용(ETF),20250114,EMERGING_MARKETS
119,364980,2025-04-25,7235,7410,0.08,-0.02,TIGER 2차전지TOP10,미래에셋자산운용,20201007,DIVIDEND
120,471230,2025-04-25,115540,115870,0.01,0.08,KODEX 국고채10년액티브,삼성자산운용(ETF),20231114,EMERGING_MARKETS
121,480260,2025-04-25,53060,53125,0.06,0.09,TIGER 27-04회사채(A+이상)액티브,미래에셋자산운용,20240423,SECTOR
122,476450,2025-04-25,52185,52215,0.08,-0.01,KIWOOM 머니마켓액티브,키움투자자산운용,20240229,EMERGING_MARKETS
123,482730,2025-04-25,9670,10085,-0.04,0.02,TIGER 미국S&P500타겟데일리커버드콜,미래에셋자산운용,20240521,MULTI_ASSET
124,475080,2025-04-25,8645,8855,-0.08,-0.07,KODEX 테슬라커버드콜채권혼합액티브,삼성자산운용(ETF),20240123,EMERGING_MARKETS
125,491610,2025-04-25,101845,101905,-0.05,0.1,1Q CD금리액티브(합성),하나자산운용,20240924,MULTI_ASSET
126,481180,2025-04-25,11465,12465,-0.01,-0.05,SOL 미국AI소프트웨어,신한자산운용,20240514,USA
127,132030,2025-04-25,19950,20020,0.06,0.09,KODEX 골드선물(H),삼성자산운용(ETF),20101001,GOLD
128,304660,2025-04-25,7550,7580,0.07,0.03,KODEX 미국30년국채울트라선물(H),삼성자산운용(ETF),20180912,SECTOR
129,446770,2025-04-25,21630,22925,-0.1,0.02,ACE 글로벌반도체TOP4 Plus SOLACTIVE,한국투자신탁운용,20221115,MULTI_ASSET
130,497570,2025-04-25,8355,9050,0.0,0.0,TIGER 미국필라델피아AI반도체나스닥,미래에셋자산운용,20241126,SECTOR
131,479520,2025-04-25,103280,103325,-0.02,-0.05,RISE KOFR금리액티브(합성),KB자산운용,20240430,HIGH_RISK
132,365780,2025-04-25,92500,92785,-0.06,-0.06,ACE 국고채10년,한국투신운용(ETF),20201015,DIVIDEND
133,261260,2025-04-25,5360,5270,-0.08,-0.06,KODEX 미국달러선물인버스2X,삼성자산운용(ETF),20161227,EMERGING_MARKETS
134,426030,2025-04-25,20360,22125,-0.03,-0.06,TIMEFOLIO 미국나스닥100액티브,타임폴리오자산운용,20220511,SECTOR
135,461490,2025-04-25,12975,13145,0.09,0.06,RISE 글로벌자산배분액티브,KB자산운용,20230627,USA
136,472160,2025-04-25,12035,12855,-0.04,-0.03,TIGER 미국테크TOP10 INDXX(H),미래에셋자산운용,20231205,SECTOR
137,490490,2025-04-25,10000,10075,0.0,-0.09,SOL 미국배당미국채혼합50,신한자산운용,20240924,USA
138,487340,2025-04-25,102915,102965,0.04,0.09,ACE CD금리&초단기채권액티브,한국투신운용(ETF),20240709,GOLD
139,302190,2025-04-25,52930,53055,-0.03,0.08,TIGER 중장기국채,미래에셋자산운용,20180720,SECTOR
140,476800,2025-04-25,4675,4720,0.09,0.09,KODEX 한국부동산리츠인프라,삼성자산운용(ETF),20240305,KOREA
141,463290,2025-04-25,107115,107180,0.09,0.1,1Q 단기금융채액티브,하나자산운용,20230803,GOVERNMENT_BOND
142,494670,2025-04-25,16845,18480,-0.05,-0.07,TIGER 조선TOP10,미래에셋자산운용,20241022,DIVIDEND
143,455850,2025-04-25,9900,10475,-0.0,-0.02,SOL AI반도체소부장,신한자산운용,20230425,DEFENSE
144,473330,2025-04-25,9255,9365,-0.04,0.05,SOL 미국30년국채커버드콜(합성),신한자산운용,20231227,SECTOR
145,494300,2025-04-25,8715,8935,-0.04,0.04,KODEX 미국나스닥100데일리커버드콜OTM,삼성자산운용(ETF),20241022,SECTOR
146,251340,2025-04-25,3935,3870,-0.09,-0.07,KODEX 코스닥150선물인버스,삼성자산운용(ETF),20160810,SECTOR
147,448300,2025-04-25,14780,15560,0.02,0.06,TIGER 미국나스닥100TR(H),미래에셋자산운용,20221125,SECTOR
148,241180,2025-04-25,20825,21350,0.0,-0.06,TIGER 일본니케이225,미래에셋자산운용,20160331,SECTOR
149,452360,2025-04-25,10380,10405,-0.09,-0.06,SOL 미국배당다우존스(H),신한자산운용,20230321,DIVIDEND
150,394660,2025-04-25,9215,9860,-0.04,0.01,TIGER 글로벌자율주행&전기차SOLACTIVE,미래에셋자산운용,20210720,SECTOR
151,143860,2025-04-25,37320,37445,0.08,0.02,TIGER 헬스케어,미래에셋자산운용,20110718,DIVIDEND
152,367770,2025-04-25,10635,11000,-0.05,0.02,RISE 수소경제테마,KB자산운용,20201029,HIGH_RISK
153,494890,2025-04-25,9620,9895,-0.07,-0.08,KODEX 200액티브,삼성자산운용(ETF),20241029,SECTOR
154,228790,2025-04-25,3060,3085,-0.0,0.08,TIGER 화장품,미래에셋자산운용,20151007,DIVIDEND
155,200250,2025-04-25,24955,25597,0.1,-0.05,KIWOOM 인도Nifty50(합성),키움투자자산운용,20140626,MULTI_ASSET
156,437080,2025-04-25,100370,101160,-0.05,-0.07,KODEX 미국종합채권ESG액티브(H),삼성자산운용(ETF),20220809,SECTOR
157,488980,2025-04-25,51545,51575,0.03,0.08,SOL 26-12 회사채(AA-이상)액티브,신한자산운용,20241008,ESG
158,091230,2025-04-25,30415,31820,0.05,0.09,TIGER 반도체,미래에셋자산운용,20060627,SEMICONDUCTOR
159,498410,2025-04-25,9520,9865,-0.05,0.07,KODEX 금융고배당TOP10타겟위클리커버드콜,삼성자산운용(ETF),20241217,DIVIDEND
160,388420,2025-04-25,9250,9740,0.05,0.06,RISE 비메모리반도체액티브,KB자산운용,20210610,DEFENSE
161,245710,2025-04-25,20465,20635,-0.03,0.03,ACE 베트남VN30(합성),한국투신운용(ETF),20160701,SECTOR
162,329650,2025-04-25,13410,13590,0.03,0.01,KODEX TRF3070,삼성자산운용(ETF),20190704,REITS
163,273140,2025-04-25,113940,113995,0.03,-0.08,KODEX 단기변동금리부채권액티브,삼성자산운용(ETF),20170629,GOVERNMENT_BOND
164,461270,2025-04-25,11025,11025,0.01,-0.02,ACE 26-06 회사채(AA-이상)액티브,한국투신운용(ETF),20230620,MULTI_ASSET
165,361580,2025-04-25,18470,18955,-0.08,-0.03,RISE 200TR,KB자산운용,20200821,DIVIDEND
166,434060,2025-04-25,13590,14025,0.07,-0.05,KODEX TDF2050액티브,삼성자산운용(ETF),20220630,DEFENSE
167,395270,2025-04-25,9100,9485,-0.04,0.04,HANARO Fn K-반도체,NH-Amundi자산운용,20210730,SECTOR
168,363570,2025-04-25,104415,104415,-0.06,-0.0,KODEX 장기종합채권(AA-이상)액티브,삼성자산운용(ETF),20200925,ESG
169,462330,2025-04-25,881,933,-0.09,-0.08,KODEX 2차전지산업레버리지,삼성자산운용(ETF),20230704,SECTOR
170,458260,2025-04-25,47760,48225,0.02,-0.06,TIGER 미국투자등급회사채액티브(H),미래에셋자산운용,20230531,DIVIDEND
171,438100,2025-04-25,12965,13227,0.04,0.04,ACE 미국나스닥100채권혼합액티브,한국투자신탁운용,20220826,EMERGING_MARKETS
172,473460,2025-04-25,14580,15765,-0.1,-0.08,KODEX 미국서학개미,삼성자산운용(ETF),20231227,SECTOR
173,466950,2025-04-25,13945,14840,0.0,0.07,TIGER 글로벌AI액티브,미래에셋자산운용,20231011,EMERGING_MARKETS
174,472170,2025-04-25,11775,12145,-0.05,-0.0,TIGER 미국테크TOP10채권혼합,미래에셋자산운용,20231205,SECTOR
175,394670,2025-04-25,5500,5770,0.03,-0.0,TIGER 글로벌리튬&2차전지SOLACTIVE(합성),미래에셋자산운용,20210720,SECTOR
176,295040,2025-04-25,12210,12515,-0.07,0.02,SOL 200TR,신한자산운용,20180423,DEFENSE
177,290130,2025-04-25,12050,12465,0.04,0.06,RISE ESG사회책임투자,KB자산운용,20180227,HIGH_RISK
178,409820,2025-04-25,8755,9650,-0.02,-0.03,KODEX 미국나스닥100레버리지(합성 H),삼성자산운용(ETF),20211209,DIVIDEND
179,456880,2025-04-25,11855,11955,0.09,0.04,ACE 미국달러SOFR금리(합성),한국투신운용(ETF),20230425,DIVIDEND
180,0001S0,2025-04-25,50875,50930,-0.07,0.01,TIGER 26-04 회사채(A+이상)액티브,미래에셋자산운용,20241224,SECTOR
181,192090,2025-04-25,9655,9855,-0.03,-0.05,TIGER 차이나CSI300,미래에셋자산운용,20140217,SECTOR
182,448600,2025-04-25,52655,52695,-0.08,0.08,RISE 25-11 회사채(AA-이상)액티브,KB자산운용,20221122,CORPORATE_BOND
183,435420,2025-04-25,12510,12730,0.08,0.06,TIGER 미국나스닥100TR채권혼합Fn,미래에셋자산운용,20220706,SECTOR
184,277630,2025-04-25,26080,26735,0.08,0.03,TIGER 코스피,미래에셋자산운용,20170831,DIVIDEND
185,138520,2025-04-25,10525,10745,-0.05,0.07,TIGER 삼성그룹펀더멘털,미래에셋자산운용,20110307,SECTOR
186,458210,2025-04-25,106665,106720,0.03,0.07,KIWOOM CD금리액티브(합성),키움투자자산운용,20230523,MULTI_ASSET
187,483290,2025-04-25,9515,9595,0.06,0.04,KODEX 미국배당다우존스타겟커버드콜,삼성자산운용(ETF),20240528,SECTOR
188,496020,2025-04-25,50970,51005,0.01,0.07,WON 전단채플러스액티브,우리자산운용,20241119,DIVIDEND
189,467940,2025-04-25,10830,10845,0.01,0.04,KODEX 25-11 회사채(A+이상)액티브,삼성자산운용(ETF),20231011,EMERGING_MARKETS
190,483230,2025-04-25,51510,51530,-0.05,0.04,RISE 25-06 은행채(AA+이상)액티브,KB자산운용,20240618,GOVERNMENT_BOND
191,451530,2025-04-25,64965,64485,-0.08,0.02,TIGER 국고채30년스트립액티브,미래에셋자산운용,20230201,EMERGING_MARKETS
192,472920,2025-04-25,112090,112070,0.08,0.05,HK 종합채권(AA-이상)액티브,흥국자산운용,20231128,EMERGING_MARKETS
193,462900,2025-04-25,14135,14335,0.08,-0.07,KoAct 바이오헬스케어액티브,삼성액티브자산(ETF),20230803,BIO
194,483320,2025-04-25,6630,7355,0.03,0.08,ACE 엔비디아밸류체인액티브,한국투신운용(ETF),20240611,DIVIDEND
195,272560,2025-04-25,112850,112920,-0.03,0.07,RISE 단기국공채액티브,KB자산운용,20170629,GOVERNMENT_BOND
196,305080,2025-04-25,12655,12770,-0.03,-0.09,TIGER 미국채10년선물,미래에셋자산운용,20180830,DIVIDEND
197,372330,2025-04-25,7650,8090,0.05,0.07,KODEX 차이나항셍테크,삼성자산운용(ETF),20201216,SECTOR
198,495850,2025-04-25,9710,9935,0.08,-0.07,KODEX 코리아밸류업,삼성자산운용(ETF),20241104,SECTOR
199,423920,2025-04-25,12615,15235,0.08,-0.03,TIGER 미국필라델피아반도체레버리지(합성),미래에셋자산운용,20220419,SECTOR
200,480020,2025-04-25,9015,9315,0.06,0.05,ACE 미국빅테크7+데일리타겟커버드콜(합성),한국투신운용(ETF),20240423,AI_DATA
201,385550,2025-04-25,112075,112165,0.03,-0.07,RISE 단기채권알파액티브,KB자산운용,20210526,GOVERNMENT_BOND
202,488500,2025-04-25,9880,10235,-0.08,0.06,TIGER 미국S&P500동일가중,미래에셋자산운용,20240723,SECTOR
203,448540,2025-04-25,20515,20915,-0.07,0.07,ACE 엔비디아채권혼합블룸버그,한국투자신탁운용,20221129,SECTOR
204,481190,2025-04-25,10590,11395,0.08,0.0,SOL 미국테크TOP10,신한자산운용,20240521,SECTOR
205,114100,2025-04-25,110755,110995,0.02,-0.1,RISE 국고채3년,KB자산운용,20090729,MULTI_ASSET
206,496080,2025-04-25,9720,9960,-0.1,-0.04,TIGER 코리아밸류업,미래에셋자산운용,20241104,SECTOR
207,0008S0,2025-04-25,8735,8835,-0.08,0.02,TIGER 미국배당다우존스타겟데일리커버드콜,미래에셋자산운용,20250121,DIVIDEND
208,418660,2025-04-25,18220,20430,0.03,0.1,TIGER 미국나스닥100레버리지(합성),미래에셋자산운용,20220222,SECTOR
209,219480,2025-04-25,23745,24620,-0.1,0.03,KODEX 미국S&P500선물(H),삼성자산운용(ETF),20150529,EMERGING_MARKETS
210,492500,2025-04-25,51150,51185,-0.07,-0.05,1Q 현대차그룹채권(A+이상)&국고통안,하나자산운용,20241002,SECTOR
211,395160,2025-04-25,8145,8500,0.01,0.03,KODEX AI반도체,삼성자산운용(ETF),20210730,SECTOR
212,486450,2025-04-25,11470,12305,0.04,0.01,SOL 미국AI전력인프라,신한자산운용,20240716,DEFENSE
213,480030,2025-04-25,9150,9360,0.03,0.06,ACE 미국500데일리타겟커버드콜(합성),한국투신운용(ETF),20240423,DIVIDEND
214,244580,2025-04-25,8440,8585,-0.06,-0.08,KODEX 바이오,삼성자산운용(ETF),20160513,BIO
215,487240,2025-04-25,9605,9730,0.04,0.05,KODEX AI전력핵심설비,삼성자산운용(ETF),20240709,DEFENSE
216,493810,2025-04-25,8265,8830,-0.05,0.01,TIGER 미국AI빅테크10타겟데일리커버드콜,미래에셋자산운용,20241015,SECTOR
217,479730,2025-04-25,10035,10345,-0.03,0.09,TIGER 인도빌리언컨슈머,미래에셋자산운용,20240514,SECTOR
218,232080,2025-04-25,12050,12240,0.05,-0.03,TIGER 코스닥150,미래에셋자산운용,20151112,SECTOR
219,414780,2025-04-25,7945,7970,0.03,0.03,TIGER 차이나과창판STAR50(합성),미래에셋자산운용,20220113,SECTOR
220,309230,2025-04-25,23785,24905,0.07,0.09,ACE 미국WideMoat동일가중,한국투신운용(ETF),20181025,SECTOR
221,283580,2025-04-25,11825,12060,0.03,-0.08,KODEX 차이나CSI300,삼성자산운용(ETF),20171213,SECTOR
222,481430,2025-04-25,109010,109345,0.01,0.09,RISE 국고채10년액티브,KB자산운용,20240521,EMERGING_MARKETS
223,433330,2025-04-25,15730,16425,-0.08,0.04,SOL 미국S&P500,신한자산운용,20220621,USA
224,143850,2025-04-25,56865,58985,-0.03,-0.09,TIGER 미국S&P500선물(H),미래에셋자산운용,20110718,MULTI_ASSET
225,319640,2025-04-25,21170,21285,-0.05,-0.04,TIGER 골드선물(H),미래에셋자산운용,20190409,GOLD
226,364960,2025-04-25,5705,5720,-0.05,0.04,TIGER BBIG,미래에셋자산운용,20201007,DIVIDEND
227,364970,2025-04-25,7450,7395,0.09,-0.09,TIGER 바이오TOP10,미래에셋자산운용,20201007,BIO
228,498180,2025-04-25,103385,103575,-0.02,0.02,파워 종합채권(AA-이상)액티브,교보악사자산운용,20241126,EMERGING_MARKETS
229,144600,2025-04-25,5740,5945,0.08,-0.03,KODEX 은선물(H),삼성자산운용(ETF),20110718,DIVIDEND
230,284430,2025-04-25,12970,13180,0.03,0.02,KODEX 200미국채혼합,삼성자산운용(ETF),20171130,SECTOR
231,498270,2025-04-25,7360,7920,0.06,-0.09,KIWOOM 미국양자컴퓨팅,키움투자자산운용,20241217,SECTOR
232,461950,2025-04-25,3620,3745,0.0,0.07,KODEX 2차전지핵심소재10,삼성자산운용(ETF),20230704,SECTOR
233,136340,2025-04-25,107520,107675,0.02,0.09,RISE 중기우량회사채,KB자산운용,20110415,SECTOR
234,462540,2025-04-25,54165,54200,-0.0,0.09,SOL 25-09 회사채(AA-이상)액티브,신한자산운용,20230808,EMERGING_MARKETS
236,182480,2025-04-25,12035,12240,-0.06,0.05,TIGER 미국MSCI리츠(합성 H),미래에셋자산운용,20131010,SECTOR
237,464930,2025-04-25,13530,14470,0.04,-0.07,TIGER 글로벌혁신블루칩TOP10,미래에셋자산운용,20230829,SEMICONDUCTOR
238,0000Y0,2025-04-25,101555,101585,-0.04,0.05,HK 26-12 회사채(AA-이상)액티브,흥국자산운용,20241224,EMERGING_MARKETS
239,464240,2025-04-25,52810,52845,-0.1,-0.1,KIWOOM 26-09회사채(AA-이상)액티브,키움투자자산운용,20230817,MULTI_ASSET
240,302450,2025-04-25,26055,26770,0.03,-0.1,RISE 코스피,KB자산운용,20180724,DIVIDEND
241,445290,2025-04-25,13685,13910,-0.06,-0.04,KODEX K-로봇액티브,삼성자산운용(ETF),20221115,DEFENSE
242,0016X0,2025-04-25,50460,50500,0.09,-0.0,SOL 중단기회사채(A-이상)액티브,신한자산운용,20250218,DEFENSE
243,466400,2025-04-25,108300,108360,0.09,0.05,1Q 25-08 회사채(A+이상)액티브,하나자산운용,20230919,MULTI_ASSET
244,476760,2025-04-25,9860,9935,0.08,0.04,ACE 미국30년국채액티브,한국투자신탁운용,20240312,USA
245,422420,2025-04-25,5480,5685,-0.03,-0.01,RISE 2차전지액티브,KB자산운용,20220408,MULTI_ASSET
246,139230,2025-04-25,7110,7440,-0.1,-0.05,TIGER 200 중공업,미래에셋자산운용,20110406,DEFENSE
247,326240,2025-04-25,13960,14355,0.09,0.1,RISE IT플러스,KB자산운용,20190620,DIVIDEND
248,228810,2025-04-25,5710,5720,-0.01,-0.01,TIGER 미디어컨텐츠,미래에셋자산운용,20151007,SECTOR
249,455860,2025-04-25,3440,3565,0.09,-0.01,SOL 2차전지소부장Fn,신한자산운용,20230425,MULTI_ASSET
250,478150,2025-04-25,14785,14820,0.09,-0.07,TIMEFOLIO 글로벌우주테크&방산액티브,타임폴리오자산운용,20240423,DEFENSE
251,489570,2025-04-25,10190,10205,0.07,0.06,HANARO 25-12 은행채(AA+이상)액티브,NH-Amundi자산운용,20241015,MULTI_ASSET
252,485540,2025-04-25,9040,9760,-0.04,0.04,KODEX 미국AI테크TOP10,삼성자산운용(ETF),20240625,SECTOR
253,168580,2025-04-25,26570,27265,-0.02,-0.06,ACE 중국본토CSI300,한국투자신탁운용,20121129,SEMICONDUCTOR
254,304940,2025-04-25,21195,22285,0.07,-0.08,KODEX 미국나스닥100선물(H),삼성자산운용(ETF),20180830,DIVIDEND
255,451060,2025-04-25,10665,10940,-0.04,0.04,1Q K200액티브,하나자산운용,20230131,MULTI_ASSET
256,0000J0,2025-04-25,19040,20350,-0.07,0.03,PLUS 한화그룹주,한화자산운용,20241224,MULTI_ASSET
257,495710,2025-04-25,50770,50785,0.01,-0.05,BNK 26-06 특수채(AAA이상)액티브,BNK자산운용,20241203,SECTOR
258,473440,2025-04-25,10595,10595,0.09,0.09,ACE 11월만기자동연장회사채AA-이상액티브,한국투신운용(ETF),20231219,DEFENSE
259,465780,2025-04-25,105820,105890,0.04,-0.07,마이티 26-09 특수채(AAA)액티브,DB자산운용,20230921,SECTOR
260,157490,2025-04-25,7855,7905,0.01,-0.01,TIGER 소프트웨어,미래에셋자산운용,20120516,DIVIDEND
261,463050,2025-04-25,12145,12070,-0.08,0.09,TIMEFOLIO K바이오액티브,타임폴리오자산운용,20230817,DEFENSE
262,489870,2025-04-25,51115,51145,0.02,-0.02,KIWOOM 25-09 회사채(AA-이상)액티브,키움투자자산운용,20240924,MULTI_ASSET
263,475050,2025-04-25,10135,10015,0.1,0.03,ACE KPOP포커스,한국투신운용(ETF),20240130,MULTI_ASSET
264,419890,2025-04-25,107835,107910,-0.07,-0.02,KIWOOM 단기채권ESG액티브,키움투자자산운용,20220303,REITS
265,476750,2025-04-25,9585,9595,0.0,-0.05,ACE 미국30년국채엔화노출액티브(H),한국투자신탁운용,20240312,SECTOR
266,429000,2025-04-25,11740,11915,0.08,0.1,TIGER 미국S&P500배당귀족,미래에셋자산운용,20220517,DIVIDEND
267,282000,2025-04-25,109570,109530,0.05,-0.02,RISE 국고채3년선물인버스,KB자산운용,20171109,MULTI_ASSET
268,401470,2025-04-25,6960,6970,0.04,0.08,KODEX K-메타버스액티브,삼성자산운용(ETF),20211013,EMERGING_MARKETS
269,130730,2025-04-25,102585,102645,0.04,-0.05,KIWOOM 단기자금,키움투자자산운용,20100729,GOVERNMENT_BOND
270,490090,2025-04-25,9285,10010,-0.03,-0.06,TIGER 미국AI빅테크10,미래에셋자산운용,20240827,SECTOR
271,213610,2025-04-25,7915,8010,-0.04,-0.09,KODEX 삼성그룹밸류,삼성자산운용(ETF),20150108,SECTOR
272,245340,2025-04-25,27460,28125,0.06,0.03,TIGER 미국다우존스30,미래에셋자산운용,20160701,SECTOR
273,0005A0,2025-04-25,8525,8710,0.06,-0.03,KODEX 미국S&P500데일리커버드콜OTM,삼성자산운용(ETF),20250107,SECTOR
274,465350,2025-04-25,39630,38215,0.07,0.07,RISE 2차전지TOP10인버스(합성),KB자산운용,20230912,REITS
275,471990,2025-04-25,7770,8360,0.08,-0.01,KODEX AI반도체핵심장비,삼성자산운용(ETF),20231121,HIGH_RISK
276,270810,2025-04-25,11670,11865,0.0,0.09,RISE 코스닥150,KB자산운용,20170616,SECTOR
277,438570,2025-04-25,110605,110990,0.0,-0.06,SOL 국고채10년,신한자산운용,20220906,DIVIDEND
278,328370,2025-04-25,13730,14020,0.06,0.07,PLUS 코스피TR,한화자산운용,20190625,DIVIDEND
279,228800,2025-04-25,2995,3010,0.03,0.06,TIGER 여행레저,미래에셋자산운용,20151007,DIVIDEND
280,401170,2025-04-25,5730,5765,0.04,0.05,RISE 메타버스,KB자산운용,20211013,DIVIDEND
281,0025N0,2025-04-25,9260,9615,0.06,0.07,TIGER TDF2045,미래에셋자산운용,20250325,DIVIDEND
282,0026E0,2025-04-25,9180,9565,0.08,0.05,KODEX 미국S&P500버퍼3월액티브,삼성자산운용(ETF),20250325,EMERGING_MARKETS
283,332930,2025-04-25,42735,43825,-0.03,0.03,HANARO 200TR,NH-Amundi자산운용,20190828,SECTOR
284,475280,2025-04-25,10480,10500,-0.02,-0.07,ACE 8월만기자동연장회사채AA-이상액티브,한국투신운용(ETF),20240123,DEFENSE
285,472150,2025-04-25,9925,10125,-0.08,-0.09,TIGER 배당커버드콜액티브,미래에셋자산운용,20231212,DIVIDEND
286,412770,2025-04-25,10040,10820,0.02,0.08,TIGER 글로벌AI플랫폼액티브,미래에셋자산운용,20211222,SECTOR
287,190620,2025-04-25,101295,101355,-0.09,0.02,ACE 단기통안채,한국투신운용(ETF),20131223,DIVIDEND
288,491230,2025-04-25,51150,51185,-0.01,0.06,PLUS 국공채머니마켓액티브,한화자산운용,20240910,EMERGING_MARKETS
289,448330,2025-04-25,10645,10695,0.01,-0.0,KODEX 삼성전자채권혼합,삼성자산운용(ETF),20221129,SECTOR
290,441800,2025-04-25,12165,12460,-0.04,-0.08,TIMEFOLIO Korea플러스배당액티브,타임폴리오자산운용,20220927,DIVIDEND
291,325020,2025-04-25,13320,13580,0.02,-0.07,KODEX 배당가치,삼성자산운용(ETF),20190531,DIVIDEND
292,489030,2025-04-25,9000,9280,-0.09,0.04,PLUS 고배당주위클리커버드콜,한화자산운용,20240813,DIVIDEND
293,461500,2025-04-25,115650,115760,-0.09,-0.01,HANARO 종합채권(AA-이상)액티브,NH-Amundi자산운용,20231026,EMERGING_MARKETS
294,150460,2025-04-25,6610,6680,0.06,-0.06,TIGER 중국소비테마,미래에셋자산운용,20111216,SECTOR
295,204480,2025-04-25,16550,17025,-0.03,-0.0,TIGER 차이나CSI300레버리지(합성),미래에셋자산운용,20140901,DIVIDEND
296,325010,2025-04-25,13880,14195,-0.07,-0.09,KODEX 성장주,삼성자산운용(ETF),20190531,DIVIDEND
297,442320,2025-04-25,17980,18720,0.0,0.02,RISE 글로벌원자력,KB자산운용,20221013,COMMODITIES
298,400970,2025-04-25,6430,6505,0.05,-0.05,TIGER Fn메타버스,미래에셋자산운용,20211013,DIVIDEND
299,453330,2025-04-25,12910,13390,-0.06,0.06,RISE 미국S&P500(H),KB자산운용,20230321,USA
300,267770,2025-04-25,11190,11795,0.02,-0.04,TIGER 200선물레버리지,미래에셋자산운용,20170425,DIVIDEND
301,310960,2025-04-25,19055,19580,-0.08,-0.01,TIGER 200TR,미래에셋자산운용,20181120,DIVIDEND
302,275980,2025-04-25,15150,15890,-0.09,-0.1,TIGER 글로벌4차산업혁신기술(합성 H),미래에셋자산운용,20170801,SECTOR
303,329660,2025-04-25,15620,15990,0.01,-0.09,KODEX TRF5050,삼성자산운용(ETF),20190704,REITS
304,452250,2025-04-25,5560,5600,0.01,-0.02,ACE 미국30년국채선물레버리지(합성 H),한국투신운용(ETF),20230207,DIVIDEND
305,292560,2025-04-25,9440,9485,0.03,-0.0,TIGER 일본엔선물,미래에셋자산운용,20180417,DIVIDEND
306,114820,2025-04-25,108050,108195,0.05,0.02,TIGER 국채3년,미래에셋자산운용,20090827,DIVIDEND
307,308620,2025-04-25,11990,12045,0.1,-0.04,KODEX 미국10년국채선물,삼성자산운용(ETF),20181019,EMERGING_MARKETS
308,476690,2025-04-25,8915,9255,0.0,0.04,TIGER 글로벌비만치료제TOP2Plus,미래에셋자산운용,20240229,DIVIDEND
309,465610,2025-04-25,17610,20100,-0.04,0.07,ACE 미국빅테크TOP7 Plus레버리지(합성),한국투신운용(ETF),20230912,DIVIDEND
310,0026S0,2025-04-25,9225,9625,0.06,0.06,1Q 미국S&P500,하나자산운용,20250318,MULTI_ASSET
311,441540,2025-04-25,19960,21420,-0.05,-0.09,HANARO Fn조선해운,NH-Amundi자산운용,20220915,SECTOR
312,473590,2025-04-25,14370,15810,-0.01,-0.0,ACE 미국주식베스트셀러,한국투자신탁운용,20231227,DIVIDEND
313,469070,2025-04-25,9015,9015,-0.08,-0.08,RISE AI&로봇,KB자산운용,20231024,AI_DATA
314,480310,2025-04-25,8840,9520,-0.09,-0.05,TIGER 글로벌온디바이스AI,미래에셋자산운용,20240416,SECTOR
315,464310,2025-04-25,10950,11590,0.09,0.1,TIGER 글로벌AI&로보틱스 INDXX,미래에셋자산운용,20230817,SECTOR
316,468820,2025-04-25,54525,54560,0.07,-0.07,WON 25-09 회사채(AA-이상)액티브,우리자산운용,20231019,EMERGING_MARKETS
317,486830,2025-04-25,51390,51420,0.04,-0.0,HANARO 머니마켓액티브,NH-Amundi자산운용,20240716,EMERGING_MARKETS
318,266420,2025-04-25,16810,16900,-0.02,0.02,KODEX 헬스케어,삼성자산운용(ETF),20170328,SECTOR
319,475350,2025-04-25,12130,12575,-0.07,0.04,RISE 버크셔포트폴리오TOP10,KB자산운용,20240227,MULTI_ASSET
320,449770,2025-04-25,15110,15880,-0.07,0.01,KIWOOM 미국S&P500,키움투자자산운용,20221220,MULTI_ASSET
321,365000,2025-04-25,3770,3765,-0.05,-0.1,TIGER 인터넷TOP10,미래에셋자산운용,20201007,REITS
322,278240,2025-04-25,7855,8110,0.01,-0.03,RISE 코스닥150선물레버리지,KB자산운용,20170831,SECTOR
323,480040,2025-04-25,7515,7950,0.04,0.0,ACE 미국반도체데일리타겟커버드콜(합성),한국투신운용(ETF),20240423,DIVIDEND
324,494310,2025-04-25,7305,7960,0.03,-0.08,KODEX 반도체레버리지,삼성자산운용(ETF),20241022,SECTOR
325,138540,2025-04-25,27045,27730,-0.04,-0.03,TIGER 현대차그룹+펀더멘털,미래에셋자산운용,20110310,MULTI_ASSET
326,174360,2025-04-25,17770,18195,0.09,-0.09,RISE 중국본토대형주CSI100,KB자산운용,20130604,SECTOR
327,412570,2025-04-25,939,981,0.05,-0.08,TIGER 2차전지TOP10레버리지,미래에셋자산운용,20211215,DIVIDEND
328,458750,2025-04-25,10670,10785,0.01,-0.02,TIGER 미국배당다우존스타겟커버드콜1호,미래에셋자산운용,20230620,SECTOR
329,399110,2025-04-25,14670,15250,0.02,-0.07,SOL 미국S&P500ESG,신한자산운용,20210914,USA
330,233160,2025-04-25,7830,8070,-0.02,0.01,TIGER 코스닥150 레버리지,미래에셋자산운용,20151217,SECTOR
331,440640,2025-04-25,110095,110160,-0.05,0.04,ACE 단기채권알파액티브,한국투신운용(ETF),20220823,MULTI_ASSET
332,471760,2025-04-25,7390,7990,-0.03,0.06,TIGER AI반도체핵심공정,미래에셋자산운용,20231121,DIVIDEND
333,261270,2025-04-25,7955,7885,0.05,-0.06,KODEX 미국달러선물인버스,삼성자산운용(ETF),20161227,EMERGING_MARKETS
334,251600,2025-04-25,12500,12685,-0.1,-0.07,PLUS 고배당주채권혼합,한화자산운용,20160811,MULTI_ASSET
335,195980,2025-04-25,9660,9875,-0.08,-0.08,PLUS 신흥국MSCI(합성 H),한화자산운용,20140513,SECTOR
336,315960,2025-04-25,17820,18350,-0.09,0.03,RISE 대형고배당10TR,KB자산운용,20190122,MULTI_ASSET
337,236350,2025-04-25,41320,43525,-0.09,0.04,TIGER 인도니프티50레버리지(합성),미래에셋자산운용,20160513,DIVIDEND
338,139280,2025-04-25,10055,10200,0.07,-0.09,TIGER 경기방어,미래에셋자산운용,20110406,DIVIDEND
339,329670,2025-04-25,17730,18300,0.04,0.09,KODEX TRF7030,삼성자산운용(ETF),20190704,SEMICONDUCTOR
340,461460,2025-04-25,56970,57135,-0.01,-0.09,PLUS 국고채10년액티브,한화자산운용,20230718,MULTI_ASSET
341,437070,2025-04-25,60055,61285,-0.08,0.01,KODEX 아시아달러채권ESG플러스액티브,삼성자산운용(ETF),20220809,ESG
342,414270,2025-04-25,9370,10270,-0.0,0.04,ACE 글로벌자율주행액티브,한국투신운용(ETF),20220215,ESG
343,266160,2025-04-25,13200,13510,-0.01,0.07,RISE 고배당,KB자산운용,20170414,DIVIDEND
344,476070,2025-04-25,9125,9420,-0.07,0.04,KODEX 글로벌비만치료제TOP2 Plus,삼성자산운용(ETF),20240214,DIVIDEND
345,434730,2025-04-25,20180,20470,-0.01,0.06,HANARO 원자력iSelect,NH-Amundi자산운용,20220628,SECTOR
346,497880,2025-04-25,50110,50140,-0.02,-0.03,SOL CD금리&머니마켓액티브,신한자산운용,20241126,EMERGING_MARKETS
347,252710,2025-04-25,2440,2310,0.02,0.06,TIGER 200선물인버스2X,미래에셋자산운용,20160922,MULTI_ASSET
348,471460,2025-04-25,67835,67650,0.03,-0.08,KIWOOM 국고채30년액티브,키움투자자산운용,20231107,MULTI_ASSET
349,261240,2025-04-25,14135,14240,-0.09,0.08,KODEX 미국달러선물,삼성자산운용(ETF),20161227,GOLD
350,460960,2025-04-25,10525,10780,-0.03,0.01,ACE 글로벌인컴TOP10 SOLACTIVE,한국투자신탁운용,20230711,DEFENSE
351,463250,2025-04-25,19935,20270,0.03,0.06,TIGER K방산&우주,미래에셋자산운용,20230725,DIVIDEND
352,261220,2025-04-25,13625,13565,0.0,-0.01,KODEX WTI원유선물(H),삼성자산운용(ETF),20161227,SECTOR
353,245360,2025-04-25,12070,12565,0.07,0.03,TIGER 차이나HSCEI,미래에셋자산운용,20160616,SECTOR
354,453080,2025-04-25,14920,15670,0.03,0.01,KIWOOM 미국나스닥100(H),키움투자자산운용,20230314,SECTOR
355,269540,2025-04-25,21495,22300,-0.07,0.05,PLUS 미국S&P500(H),한화자산운용,20170516,USA
356,272910,2025-04-25,108855,109050,-0.09,-0.08,ACE 중장기국공채액티브,한국투신운용(ETF),20170629,DEFENSE
357,484880,2025-04-25,11120,11660,0.03,-0.09,SOL 금융지주플러스고배당,신한자산운용,20240625,DIVIDEND
358,491010,2025-04-25,10380,11105,-0.09,-0.05,TIGER 글로벌AI전력인프라액티브,미래에셋자산운용,20240910,ESG
359,395290,2025-04-25,7775,7750,0.02,-0.07,HANARO Fn K-POP&미디어,NH-Amundi자산운용,20210730,SECTOR
360,455960,2025-04-25,11790,11925,0.09,0.07,RISE 미국달러SOFR금리액티브(합성),KB자산운용,20230516,USA
361,237350,2025-04-25,25940,26610,0.02,-0.06,KODEX 코스피100,삼성자산운용(ETF),20160127,DIVIDEND
362,123320,2025-04-25,14485,15290,-0.02,0.1,TIGER 레버리지,미래에셋자산운용,20100409,DIVIDEND
363,468380,2025-04-25,11145,11380,0.03,-0.03,KODEX iShares미국하이일드액티브,삼성자산운용(ETF),20231019,EMERGING_MARKETS
364,465330,2025-04-25,7380,7620,-0.01,-0.06,RISE 2차전지TOP10,KB자산운용,20230912,DIVIDEND
365,139660,2025-04-25,8285,8200,0.01,0.06,KIWOOM 미국달러선물인버스,키움투자자산운용,20110401,USA
366,487910,2025-04-25,9030,9410,0.09,0.03,ACE 인도컨슈머파워액티브,한국투신운용(ETF),20240910,DEFENSE
367,203780,2025-04-25,20800,22035,-0.02,-0.0,TIGER 미국나스닥바이오,미래에셋자산운용,20140827,SECTOR
368,447620,2025-04-25,12490,12850,0.09,0.01,SOL 미국TOP5채권혼합40 Solactive,신한자산운용,20221129,MULTI_ASSET
369,490480,2025-04-25,17895,18380,0.08,0.04,SOL K방산,신한자산운용,20241002,DIVIDEND
370,204450,2025-04-25,2245,2415,-0.06,-0.05,KODEX 차이나H레버리지(H),삼성자산운용(ETF),20140912,DIVIDEND
371,426020,2025-04-25,18120,19235,-0.09,0.1,TIMEFOLIO 미국S&P500액티브,타임폴리오자산운용,20220511,DEFENSE
372,461600,2025-04-25,8845,8895,-0.08,0.09,SOL 미국30년국채액티브(H),신한자산운용,20230711,USA
373,461260,2025-04-25,10837,10845,-0.1,0.03,ACE 25-06 회사채(AA-이상)액티브,한국투신운용(ETF),20230620,MULTI_ASSET
374,469170,2025-04-25,4740,4735,-0.08,-0.06,ACE 포스코그룹포커스,한국투신운용(ETF),20231017,DIVIDEND
375,453650,2025-04-25,16485,17180,0.04,0.04,KODEX 미국S&P500금융,삼성자산운용(ETF),20230321,EMERGING_MARKETS
376,280930,2025-04-25,11270,11635,-0.09,-0.09,KODEX 미국러셀2000(H),삼성자산운용(ETF),20171109,SECTOR
377,448490,2025-04-25,58495,58665,-0.04,-0.09,HANARO 32-10 국고채액티브,NH-Amundi자산운용,20221122,SECTOR
378,490590,2025-04-25,8495,9165,0.07,-0.05,RISE 미국AI밸류체인데일리고정커버드콜,KB자산운용,20241002,DIVIDEND
379,475260,2025-04-25,10485,10500,-0.1,-0.01,ACE 2월만기자동연장회사채AA-이상액티브,한국투신운용(ETF),20240123,DEFENSE
380,395170,2025-04-25,7075,7225,0.06,0.07,KODEX Top10동일가중,삼성자산운용(ETF),20210730,SECTOR
381,411420,2025-04-25,12505,13510,-0.04,0.05,KODEX 미국메타버스나스닥액티브,삼성자산운용(ETF),20211222,SECTOR
382,464470,2025-04-25,51720,52450,-0.08,0.05,PLUS 미국채30년액티브,한화자산운용,20230822,USA
383,426150,2025-04-25,59650,59670,0.04,-0.01,WON 대한민국국고채액티브,우리자산운용,20220511,DIVIDEND
384,225040,2025-04-25,35365,38065,0.03,-0.03,TIGER 미국S&P500레버리지(합성 H),미래에셋자산운용,20150729,DIVIDEND
385,403790,2025-04-25,20320,20760,0.08,-0.03,마이다스 코스피액티브,마이다스자산운용,20211013,SECTOR
386,490600,2025-04-25,8950,9105,0.05,0.1,RISE 미국배당100데일리고정커버드콜,KB자산운용,20240924,DIVIDEND
387,471040,2025-04-25,12090,12980,0.06,-0.09,KoAct 글로벌AI&로봇액티브,삼성액티브자산(ETF),20231121,DEFENSE
388,472830,2025-04-25,9200,9325,-0.04,0.07,RISE 미국30년국채커버드콜(합성),KB자산운용,20231214,USA
389,278620,2025-04-25,116955,117030,-0.06,0.02,PLUS 단기채권액티브,한화자산운용,20170926,GOVERNMENT_BOND
390,496090,2025-04-25,9770,10000,0.05,-0.01,KIWOOM 코리아밸류업,키움투자자산운용,20241104,SECTOR
391,454320,2025-04-25,15135,15570,0.06,0.05,HANARO CAPEX설비투자iSelect,NH-Amundi자산운용,20230418,REITS
392,385720,2025-04-25,9470,9600,0.1,-0.0,TIMEFOLIO 코스피액티브,타임폴리오자산운용,20210525,DEFENSE
393,496770,2025-04-25,14800,13940,-0.02,0.07,PLUS 글로벌방산,한화자산운용,20241112,SECTOR
394,336160,2025-04-25,103765,103855,-0.03,0.08,RISE 금융채액티브,KB자산운용,20191029,GOVERNMENT_BOND
395,101280,2025-04-25,21805,22567,0.06,-0.02,KODEX 일본TOPIX100,삼성자산운용(ETF),20080220,SECTOR
396,495050,2025-04-25,9690,9930,-0.03,-0.04,RISE 코리아밸류업,KB자산운용,20241104,SECTOR
397,322400,2025-04-25,10005,10005,0.09,0.02,HANARO e커머스,NH-Amundi자산운용,20190423,SECTOR
398,0000D0,2025-04-25,8690,8820,0.07,0.08,TIGER 엔비디아미국채커버드콜밸런스(합성),미래에셋자산운용,20241217,SECTOR
399,475270,2025-04-25,10480,10485,-0.01,-0.06,ACE 5월만기자동연장회사채AA-이상액티브,한국투신운용(ETF),20240123,DEFENSE
400,423170,2025-04-25,15315,16500,0.05,0.02,SOL 한국형글로벌반도체액티브,신한자산운용,20220412,SECTOR
401,456680,2025-04-25,5185,5930,0.05,0.03,TIGER 차이나전기차레버리지(합성),미래에셋자산운용,20230509,DIVIDEND
402,099140,2025-04-25,20855,21840,-0.08,0.05,KODEX 차이나H,삼성자산운용(ETF),20071010,SECTOR
403,152870,2025-04-25,33790,34665,0.08,-0.07,파워 200,교보악사자산운용,20120213,DIVIDEND
404,122260,2025-04-25,103940,103990,0.0,0.04,KIWOOM 통안채1년,키움투자자산운용,20100114,SECTOR
405,476030,2025-04-25,11045,11675,0.07,0.08,SOL 미국나스닥100,신한자산운용,20240312,SECTOR
406,266360,2025-04-25,11450,11405,-0.04,-0.06,KODEX 미디어&엔터테인먼트,삼성자산운용(ETF),20170328,SECTOR
407,359210,2025-04-25,12620,12935,0.08,-0.05,KODEX 코스피TR,삼성자산운용(ETF),20200721,DIVIDEND
408,102970,2025-04-25,7950,8550,-0.02,0.09,KODEX 증권,삼성자산운용(ETF),20080529,REITS
409,0008E0,2025-04-25,7825,8195,-0.1,-0.06,ACE 미국중심중소형제조업,한국투신운용(ETF),20250121,USA
410,396520,2025-04-25,6765,6790,0.08,0.07,TIGER 차이나반도체FACTSET,미래에셋자산운용,20210810,SECTOR
411,279530,2025-04-25,10580,10800,-0.08,-0.0,KODEX 고배당,삼성자산운용(ETF),20171017,REITS
412,385510,2025-04-25,16230,17035,-0.04,-0.05,KODEX K-신재생에너지액티브,삼성자산운용(ETF),20210525,ESG
413,0007N0,2025-04-25,33295,34105,0.09,0.07,아이엠에셋 200,iM에셋자산운용,20250211,SECTOR
414,407830,2025-04-25,11030,11995,0.09,-0.01,에셋플러스 글로벌플랫폼액티브,에셋플러스자산운용,20211116,SECTOR
415,108450,2025-04-25,13605,13795,0.01,0.0,ACE 삼성그룹섹터가중,한국투신운용(ETF),20090203,SECTOR
416,477730,2025-04-25,8950,9365,0.03,-0.03,KODEX 인도타타그룹,삼성자산운용(ETF),20240508,SECTOR
417,447430,2025-04-25,14125,14240,-0.01,0.02,ACE 주주환원가치주액티브,한국투신운용(ETF),20221115,DIVIDEND
418,0008T0,2025-04-25,11000,11125,-0.04,-0.07,SOL 화장품TOP3플러스,신한자산운용,20250121,MULTI_ASSET
419,371470,2025-04-25,6130,6705,-0.03,-0.02,TIGER 차이나바이오테크SOLACTIVE,미래에셋자산운용,20201208,BIO
420,117700,2025-04-25,3205,3270,0.03,0.09,KODEX 건설,삼성자산운용(ETF),20091030,DEFENSE
421,152380,2025-04-25,71780,71995,0.05,-0.05,KODEX 국채선물10년,삼성자산운용(ETF),20120120,DIVIDEND
422,458030,2025-04-25,53645,53665,0.06,0.03,WON 단기국공채액티브,우리자산운용,20230531,HIGH_RISK
423,276970,2025-04-25,7985,8065,0.06,-0.03,KODEX 미국S&P500배당귀족커버드콜(합성 H),삼성자산운용(ETF),20170810,EMERGING_MARKETS
424,332500,2025-04-25,21885,22460,-0.08,0.05,ACE 200TR,한국투신운용(ETF),20190828,DEFENSE
425,466930,2025-04-25,9865,10075,-0.0,-0.07,SOL 자동차TOP3플러스,신한자산운용,20231005,MULTI_ASSET
426,469150,2025-04-25,12185,12940,-0.09,0.09,ACE AI반도체포커스,한국투신운용(ETF),20231017,AI_DATA
427,138230,2025-04-25,16075,16210,0.01,-0.01,KIWOOM 미국달러선물,키움투자자산운용,20110224,USA
428,475380,2025-04-25,10175,10275,-0.01,-0.05,RISE 글로벌리얼티인컴,KB자산운용,20240220,DIVIDEND
429,453820,2025-04-25,16690,17475,0.08,-0.09,KODEX 인도Nifty50레버리지(합성),삼성자산운용(ETF),20230421,DIVIDEND
430,491620,2025-04-25,8705,9290,-0.03,-0.07,RISE 미국테크100데일리고정커버드콜,KB자산운용,20241002,SECTOR
431,337160,2025-04-25,13080,13475,-0.08,0.0,KODEX 200ESG,삼성자산운용(ETF),20191114,SECTOR
432,445150,2025-04-25,18835,20035,-0.07,-0.03,KODEX K-친환경조선해운액티브,삼성자산운용(ETF),20221115,SECTOR
433,453010,2025-04-25,107280,107330,0.05,0.07,PLUS KOFR금리,한화자산운용,20230314,DIVIDEND
434,195970,2025-04-25,12665,12720,0.02,-0.01,PLUS 선진국MSCI(합성 H),한화자산운용,20140513,SECTOR
435,195930,2025-04-25,17730,18665,-0.08,-0.05,TIGER 유로스탁스50(합성 H),미래에셋자산운용,20140430,SECTOR
436,261250,2025-04-25,16180,16445,-0.08,0.02,KODEX 미국달러선물레버리지,삼성자산운용(ETF),20161227,DIVIDEND
437,433980,2025-04-25,13245,13550,0.04,0.04,KODEX TDF2040액티브,삼성자산운용(ETF),20220630,SEMICONDUCTOR
438,421320,2025-04-25,17950,18460,-0.09,-0.07,PLUS 우주항공&UAM,한화자산운용,20220329,SECTOR
439,167860,2025-04-25,117855,118450,0.06,-0.07,KIWOOM 국고채10년레버리지,키움투자자산운용,20121030,DIVIDEND
440,463300,2025-04-25,10245,10500,0.04,-0.09,RISE 중국본토CSI300,KB자산운용,20230808,MULTI_ASSET
441,444490,2025-04-25,14215,14875,-0.08,0.05,WON 미국S&P500,우리자산운용,20221006,USA
442,433970,2025-04-25,12670,12865,-0.08,0.03,KODEX TDF2030액티브,삼성자산운용(ETF),20220630,DEFENSE
443,388280,2025-04-25,6390,6450,0.1,-0.01,RISE 컨택트대표,KB자산운용,20210610,DIVIDEND
444,438320,2025-04-25,7130,7825,-0.03,0.07,TIGER 차이나항셍테크레버리지(합성 H),미래에셋자산운용,20220823,SECTOR
445,123310,2025-04-25,5120,4985,-0.03,0.06,TIGER 인버스,미래에셋자산운용,20100329,REITS
446,364990,2025-04-25,4900,4950,0.06,0.02,TIGER 게임TOP10,미래에셋자산운용,20201007,DIVIDEND
447,332620,2025-04-25,92300,94385,0.09,0.07,PLUS 미국장기우량회사채,한화자산운용,20190820,SECTOR
448,332940,2025-04-25,13875,14170,0.1,-0.06,HANARO MSCI Korea TR,NH-Amundi자산운용,20190828,KOREA
449,448570,2025-04-25,12105,12405,0.05,-0.08,FOCUS AI코리아액티브,브이아이자산운용,20221115,SECTOR
450,139220,2025-04-25,3075,3120,-0.02,-0.05,TIGER 200 건설,미래에셋자산운용,20110406,DEFENSE
451,352560,2025-04-25,11565,11725,-0.08,-0.09,KODEX 미국부동산리츠(H),삼성자산운용(ETF),20200513,SECTOR
452,332610,2025-04-25,128795,130240,0.06,0.01,PLUS 미국단기회사채(AAA~A),한화자산운용,20190820,SECTOR
453,304780,2025-04-25,16240,17140,0.01,0.09,HANARO 200선물레버리지,NH-Amundi자산운용,20180814,DIVIDEND
454,227540,2025-04-25,18460,18525,-0.02,-0.09,TIGER 200 헬스케어,미래에셋자산운용,20150923,SECTOR
455,368190,2025-04-25,6825,6840,0.08,-0.08,HANARO Fn K-뉴딜디지털플러스,NH-Amundi자산운용,20201110,SECTOR
456,363580,2025-04-25,9635,10000,-0.08,-0.01,KODEX 200IT TR,삼성자산운용(ETF),20200925,SECTOR
457,245350,2025-04-25,14895,15515,-0.0,0.09,TIGER 유로스탁스배당30,미래에셋자산운용,20160701,SECTOR
458,488720,2025-04-25,52375,52490,-0.1,-0.04,WON 종합채권(AA-이상)액티브,우리자산운용,20240806,EMERGING_MARKETS
459,434960,2025-04-25,33730,34650,-0.01,0.0,DAISHIN343 K200,대신자산운용,20220628,SECTOR
460,495550,2025-04-25,9700,9950,-0.09,-0.09,SOL 코리아밸류업TR,신한자산운용,20241104,SECTOR
461,474590,2025-04-25,8275,8575,-0.08,-0.07,WON 반도체밸류체인액티브,우리자산운용,20240116,SEMICONDUCTOR
462,400570,2025-04-25,9450,9510,-0.08,0.1,KODEX 유럽탄소배출권선물ICE(H),삼성자산운용(ETF),20210930,ESG
463,160580,2025-04-25,11655,11890,0.03,0.09,TIGER 구리실물,미래에셋자산운용,20121217,DIVIDEND
464,114470,2025-04-25,111655,111850,0.05,-0.1,KIWOOM 국고채3년,키움투자자산운용,20090731,MULTI_ASSET
465,495230,2025-04-25,9800,10010,0.02,0.09,KoAct 코리아밸류업액티브,삼성액티브자산(ETF),20241104,SECTOR
466,211560,2025-04-25,19740,20220,0.09,0.03,TIGER 배당성장,미래에셋자산운용,20141217,DIVIDEND
467,491220,2025-04-25,38720,39715,-0.03,0.07,PLUS 200TR,한화자산운용,20240910,DIVIDEND
468,237370,2025-04-25,13310,13410,-0.04,-0.01,KODEX 배당성장채권혼합,삼성자산운용(ETF),20160127,GOVERNMENT_BOND
469,200030,2025-04-25,30930,32295,0.07,0.0,KODEX 미국S&P500산업재(합성),삼성자산운용(ETF),20140612,SECTOR
470,0038A0,2025-04-25,9470,10340,-0.06,-0.0,KODEX 미국휴머노이드로봇,삼성자산운용(ETF),20250415,SECTOR
471,300640,2025-04-25,7905,7965,0.09,0.03,RISE 게임테마,KB자산운용,20180724,DIVIDEND
472,476850,2025-04-25,9365,9545,-0.1,-0.07,KoAct 배당성장액티브,삼성액티브자산(ETF),20240227,GOVERNMENT_BOND
473,461340,2025-04-25,16270,17780,0.09,-0.09,HANARO 글로벌생성형AI액티브,NH-Amundi자산운용,20230711,BIO
474,493420,2025-04-25,9810,9910,-0.09,-0.04,SOL 미국배당다우존스TR,신한자산운용,20241008,DIVIDEND
475,371450,2025-04-25,10145,10945,0.08,0.04,TIGER 글로벌클라우드컴퓨팅INDXX,미래에셋자산운용,20201208,SECTOR
476,494330,2025-04-25,10760,10955,0.01,-0.06,ACE 라이프자산주주가치액티브,한국투신운용(ETF),20241015,ESG
477,465660,2025-04-25,10080,10605,0.1,0.03,TIGER 일본반도체FACTSET,미래에셋자산운용,20230919,KOREA
478,437350,2025-04-25,12085,12250,-0.09,0.09,RISE 미국단기투자등급회사채액티브,KB자산운용,20220729,USA
479,411860,2025-04-25,15050,15770,0.01,-0.08,KIWOOM 독일DAX,키움투자자산운용,20211222,SECTOR
480,256440,2025-04-25,8080,8360,0.09,0.03,ACE 인도네시아MSCI(합성),한국투신운용(ETF),20161101,SECTOR
481,367760,2025-04-25,9540,9775,0.0,-0.01,RISE 5G테크,KB자산운용,20201029,MULTI_ASSET
482,495040,2025-04-25,9595,9860,0.03,0.07,PLUS 코리아밸류업,한화자산운용,20241104,SECTOR
483,473490,2025-04-25,12390,13295,0.04,-0.06,KIWOOM 글로벌AI반도체,키움투자자산운용,20231221,SECTOR
484,440910,2025-04-25,15945,16600,-0.01,0.04,WON 미국우주항공방산,우리자산운용,20220826,DIVIDEND
485,363510,2025-04-25,110115,110165,0.03,0.07,SOL KIS단기통안채,신한자산운용,20200909,DIVIDEND
486,256750,2025-04-25,8390,8610,0.02,0.09,KODEX 차이나심천ChiNext(합성),삼성자산운용(ETF),20161108,SECTOR
487,433500,2025-04-25,20045,20435,0.08,0.04,ACE 원자력테마딥서치,한국투자신탁운용,20220628,SECTOR
488,491090,2025-04-25,10155,10795,-0.09,-0.0,KODEX 미국테크TOP3플러스,삼성자산운용(ETF),20240910,SECTOR
489,485690,2025-04-25,9435,10240,-0.04,0.02,RISE 미국AI밸류체인TOP3Plus,KB자산운용,20240723,MULTI_ASSET
490,139250,2025-04-25,8940,9435,0.09,0.07,TIGER 200 에너지화학,미래에셋자산운용,20110406,ESG
491,210780,2025-04-25,15315,15775,0.08,0.01,TIGER 코스피고배당,미래에셋자산운용,20141205,DIVIDEND
492,289480,2025-04-25,8265,8355,-0.01,-0.09,TIGER 200커버드콜,미래에셋자산운용,20180209,DIVIDEND
493,272570,2025-04-25,111510,111785,0.02,0.09,RISE 중장기국공채액티브,KB자산운용,20170629,GOVERNMENT_BOND
494,481340,2025-04-25,9770,9875,-0.04,0.04,RISE 미국30년국채액티브,KB자산운용,20240528,USA
495,360140,2025-04-25,9090,9195,-0.06,0.04,KODEX 200롱코스닥150숏선물,삼성자산운용(ETF),20200821,SECTOR
496,494220,2025-04-25,8765,9190,-0.01,-0.06,UNICORN SK하이닉스밸류체인액티브,현대자산운용,20241107,MULTI_ASSET
497,248270,2025-04-25,22435,22535,-0.03,0.03,TIGER S&P글로벌헬스케어(합성),미래에셋자산운용,20160701,SECTOR
498,438900,2025-04-25,11860,11735,0.02,-0.02,HANARO Fn K-푸드,NH-Amundi자산운용,20220817,SECTOR
499,326230,2025-04-25,8510,8660,-0.08,0.03,RISE 내수주플러스,KB자산운용,20190620,DIVIDEND
500,218420,2025-04-25,13560,13880,0.09,-0.08,KODEX 미국S&P500에너지(합성),삼성자산운용(ETF),20150428,COMMODITIES
501,287180,2025-04-25,29620,32360,0.1,0.03,PLUS 미국나스닥테크,한화자산운용,20171213,SECTOR
502,271060,2025-04-25,8685,8645,0.04,0.1,KODEX 3대농산물선물(H),삼성자산운용(ETF),20170613,MULTI_ASSET
503,298770,2025-04-25,21730,22665,0.01,-0.09,KODEX 한국대만IT프리미어,삼성자산운용(ETF),20180611,SECTOR
504,495940,2025-04-25,8150,8915,-0.04,0.1,RISE 미국AI테크액티브,KB자산운용,20241126,USA
505,486240,2025-04-25,7490,7555,0.06,-0.02,DAISHIN343 AI반도체&인프라액티브,대신자산운용,20240618,DEFENSE
506,494410,2025-04-25,9385,9945,0.04,0.07,PLUS 미국S&P500성장주,한화자산운용,20241022,MULTI_ASSET
507,0005D0,2025-04-25,9990,10450,-0.07,0.06,SOL 전고체배터리&실리콘음극재,신한자산운용,20250107,SECTOR
508,495330,2025-04-25,9685,9910,0.08,0.01,1Q 코리아밸류업,하나자산운용,20241104,SECTOR
509,300950,2025-04-25,6500,6535,0.06,0.05,KODEX 게임산업,삼성자산운용(ETF),20180724,SECTOR
510,0017Y0,2025-04-25,101770,101730,0.09,0.08,1Q 종합채권(AA-이상)액티브,하나자산운용,20250225,MULTI_ASSET
511,464920,2025-04-25,10510,11250,0.05,-0.02,PLUS 일본반도체소부장,한화자산운용,20230831,SECTOR
512,261070,2025-04-25,14015,13980,0.02,-0.03,TIGER 코스닥150바이오테크,미래에셋자산운용,20161215,SECTOR
513,497780,2025-04-25,8905,8995,-0.02,0.03,KoAct 미국천연가스인프라액티브,삼성액티브자산(ETF),20241210,ESG
514,169950,2025-04-25,20895,21210,0.09,0.06,KODEX 차이나A50,삼성자산운용(ETF),20130121,SECTOR
515,394350,2025-04-25,10195,10935,0.07,0.05,KIWOOM 글로벌퓨처모빌리티,키움투자자산운용,20210720,SECTOR
516,488080,2025-04-25,4065,4480,-0.09,0.06,TIGER 반도체TOP10레버리지,미래에셋자산운용,20240723,SECTOR
517,419430,2025-04-25,6250,6505,-0.09,-0.01,KODEX 차이나2차전지MSCI(합성),삼성자산운용(ETF),20220322,SECTOR
518,453640,2025-04-25,11810,12060,-0.02,0.06,KODEX 미국S&P500헬스케어,삼성자산운용(ETF),20230321,DEFENSE
519,0015B0,2025-04-25,8125,8740,0.06,-0.08,KoAct 미국나스닥성장기업액티브,삼성액티브자산(ETF),20250225,EMERGING_MARKETS
520,450910,2025-04-25,11560,11735,0.1,0.01,SOL 코스닥150,신한자산운용,20230131,SECTOR
521,469050,2025-04-25,10570,11630,-0.07,-0.1,RISE 미국반도체NYSE(H),KB자산운용,20231024,USA
522,457690,2025-04-25,11290,11325,0.02,-0.04,KODEX 33-06 국고채액티브,삼성자산운용(ETF),20230531,EMERGING_MARKETS
523,457700,2025-04-25,12820,12785,-0.02,-0.03,KODEX 53-09 국고채액티브,삼성자산운용(ETF),20230531,SECTOR
524,352540,2025-04-25,11120,11115,0.09,-0.02,KODEX 일본부동산리츠(H),삼성자산운용(ETF),20200513,SECTOR
525,418670,2025-04-25,14130,14460,0.07,0.04,TIGER 글로벌AI사이버보안,미래에셋자산운용,20220222,SECTOR
526,495750,2025-04-25,9730,9885,0.07,-0.02,HANARO 코리아밸류업,NH-Amundi자산운용,20241104,SECTOR
527,468630,2025-04-25,11225,11400,-0.01,-0.01,KODEX iShares미국투자등급회사채액티브,삼성자산운용(ETF),20231019,EMERGING_MARKETS
528,442570,2025-04-25,12525,12990,-0.02,-0.05,RISE TDF2050액티브,KB자산운용,20220922,MULTI_ASSET
529,483330,2025-04-25,9840,10815,-0.05,-0.03,ACE 마이크로소프트밸류체인액티브,한국투신운용(ETF),20240611,AI_DATA
530,0000H0,2025-04-25,10230,10795,-0.09,-0.05,KODEX 인도Nifty미드캡100,삼성자산운용(ETF),20250408,SECTOR
533,479620,2025-04-25,7920,8660,0.07,-0.09,SOL 미국AI반도체칩메이커,신한자산운용,20240416,SEMICONDUCTOR
534,250730,2025-04-25,9475,9730,0.06,0.02,RISE 차이나HSCEI(H),KB자산운용,20160810,SECTOR
535,387270,2025-04-25,14580,15400,0.1,0.03,TIGER 글로벌이노베이션액티브,미래에셋자산운용,20210525,EMERGING_MARKETS
536,489290,2025-04-25,10650,11365,0.1,0.02,WON 미국빌리어네어,우리자산운용,20240903,DIVIDEND
537,447660,2025-04-25,11975,12340,0.01,-0.01,PLUS 애플채권혼합,한화자산운용,20221129,MULTI_ASSET
538,117460,2025-04-25,9150,9680,0.05,-0.02,KODEX 에너지화학,삼성자산운용(ETF),20091012,COMMODITIES
539,442260,2025-04-25,11760,12050,0.09,0.07,마이티 다이나믹퀀트액티브,DB자산운용,20221025,SECTOR
540,0010E0,2025-04-25,102905,103015,0.07,0.0,ACE FTSE WGBI Korea,한국투신운용(ETF),20250218,KOREA
542,354500,2025-04-25,11880,12050,-0.05,-0.0,ACE 코스닥150,한국투신운용(ETF),20200507,SECTOR
543,449780,2025-04-25,13460,13940,-0.01,-0.09,KIWOOM 미국S&P500(H),키움투자자산운용,20221220,SECTOR
544,375770,2025-04-25,8365,8575,-0.07,-0.03,KODEX 탄소효율그린뉴딜,삼성자산운용(ETF),20210205,SECTOR
545,0022T0,2025-04-25,11105,11270,0.09,-0.02,SOL 골드커버드콜액티브,신한자산운용,20250311,GOLD
546,276650,2025-04-25,26410,27690,0.02,-0.02,RISE 글로벌테크놀로지(합성 H),KB자산운용,20170817,DEFENSE
547,238720,2025-04-25,24890,25545,-0.05,0.02,ACE 일본Nikkei225(H),한국투신운용(ETF),20160303,SECTOR
548,494840,2025-04-25,9990,9825,0.03,0.01,TIGER 미국방산TOP10,미래에셋자산운용,20241029,DIVIDEND
549,140700,2025-04-25,8885,9090,0.02,0.02,KODEX 보험,삼성자산운용(ETF),20110426,HIGH_RISK
550,463680,2025-04-25,12050,12995,-0.03,0.05,KODEX 미국S&P500테크놀로지,삼성자산운용(ETF),20230801,SECTOR
551,354350,2025-04-25,17370,18410,-0.08,0.06,HANARO 글로벌럭셔리S&P(합성),NH-Amundi자산운용,20200512,SECTOR
552,211900,2025-04-25,15850,16170,0.03,0.04,KODEX 배당성장,삼성자산운용(ETF),20141217,DIVIDEND
553,496120,2025-04-25,9930,10205,0.0,0.09,ACE 코리아밸류업,한국투신운용(ETF),20241104,SECTOR
554,440340,2025-04-25,10870,11115,0.05,-0.1,TIGER 글로벌멀티에셋TIF액티브,미래에셋자산운용,20220830,SECTOR
555,276990,2025-04-25,15870,16665,0.0,-0.06,KODEX 글로벌로봇(합성),삼성자산운용(ETF),20170817,DEFENSE
556,271050,2025-04-25,4465,4490,0.07,-0.1,KODEX WTI원유선물인버스(H),삼성자산운용(ETF),20170613,SECTOR
557,0019K0,2025-04-25,9300,9620,0.01,0.03,TIMEFOLIO 미국나스닥100채권혼합50액티브,타임폴리오자산운용,20250325,MULTI_ASSET
558,377990,2025-04-25,8260,8915,0.01,0.08,TIGER Fn신재생에너지,미래에셋자산운용,20210305,ESG
559,225800,2025-04-25,15385,15600,0.08,-0.05,KIWOOM 미국달러선물레버리지,키움투자자산운용,20150810,DIVIDEND
560,429760,2025-04-25,13975,14615,-0.02,0.09,PLUS 미국S&P500,한화자산운용,20220531,USA
561,459560,2025-04-25,12025,12810,-0.07,-0.09,KODEX 테슬라밸류체인FactSet,삼성자산운용(ETF),20230608,SECTOR
562,483240,2025-04-25,9070,9620,-0.09,0.09,TIGER 미국나스닥100ETF선물,미래에셋자산운용,20241119,MULTI_ASSET
563,252420,2025-04-25,2310,2190,0.05,-0.03,RISE 200선물인버스2X,KB자산운용,20160922,MULTI_ASSET
564,196030,2025-04-25,35770,37840,0.02,-0.08,ACE 일본TOPIX레버리지(H),한국투신운용(ETF),20140616,DIVIDEND
565,483340,2025-04-25,8235,9075,0.04,-0.0,ACE 구글밸류체인액티브,한국투신운용(ETF),20240611,EMERGING_MARKETS
566,269420,2025-04-25,18890,19360,-0.06,-0.05,KODEX S&P글로벌인프라(합성),삼성자산운용(ETF),20170516,DEFENSE
567,385590,2025-04-25,7435,7635,-0.07,-0.04,ACE ESG액티브,한국투신운용(ETF),20210525,ESG
568,341850,2025-04-25,4695,4745,-0.1,-0.04,TIGER 리츠부동산인프라채권TR KIS,미래에셋자산운용,20200522,SECTOR
569,438560,2025-04-25,103045,103230,-0.03,0.06,SOL 국고채3년,신한자산운용,20220906,MULTI_ASSET
570,451600,2025-04-25,121770,121430,0.02,0.01,PLUS 국고채30년액티브,한화자산운용,20230207,MULTI_ASSET
571,428510,2025-04-25,11225,11635,-0.02,-0.04,KODEX 차이나AI테크액티브,삼성자산운용(ETF),20220517,SECTOR
572,292190,2025-04-25,15835,16230,-0.01,0.02,KODEX KRX300,삼성자산운용(ETF),20180326,SEMICONDUCTOR
573,354240,2025-04-25,11170,11540,0.08,0.04,RISE 미국고정배당우선증권 TR,KB자산운용,20200519,EMERGING_MARKETS
574,444200,2025-04-25,16655,16810,-0.03,-0.05,SOL KEDI메가테크액티브,신한자산운용,20221018,DEFENSE
575,459790,2025-04-25,12775,13590,0.0,-0.02,KIWOOM 미국성장기업30액티브,키움투자자산운용,20230627,USA
576,453950,2025-04-25,12535,13395,0.06,-0.08,TIGER TSMC파운드리밸류체인,미래에셋자산운용,20230404,SECTOR
577,472350,2025-04-25,14085,14690,-0.02,-0.06,1Q 차이나H(H),하나자산운용,20231212,MULTI_ASSET
578,0015F0,2025-04-25,9660,9800,0.02,0.04,KIWOOM 팔란티어미국30년국채혼합액티브(H),키움투자자산운용,20250211,SECTOR
579,104530,2025-04-25,11660,11875,0.07,-0.06,KIWOOM 고배당,키움투자자산운용,20080729,REITS
580,130680,2025-04-25,3925,3900,0.09,0.01,TIGER 원유선물Enhanced(H),미래에셋자산운용,20100802,DIVIDEND
581,396510,2025-04-25,5515,5710,-0.07,0.04,TIGER 차이나클린에너지SOLACTIVE,미래에셋자산운용,20210810,SECTOR
582,379790,2025-04-25,13850,14320,0.09,-0.08,RISE 유로스탁스50(H),KB자산운용,20210409,MULTI_ASSET
583,491700,2025-04-25,33440,34300,-0.0,0.01,HK 200,흥국자산운용,20240910,SECTOR
584,213630,2025-04-25,16330,16710,-0.05,-0.05,PLUS 미국다우존스고배당주(합성 H),한화자산운용,20150126,SECTOR
585,239660,2025-04-25,120180,120320,-0.01,0.09,PLUS 우량회사채50,한화자산운용,20160322,SECTOR
586,395150,2025-04-25,2935,2970,0.1,-0.0,KODEX 웹툰&드라마,삼성자산운용(ETF),20210730,DIVIDEND
587,440650,2025-04-25,11735,11850,-0.0,0.06,ACE 미국달러단기채권액티브,한국투자신탁운용,20220823,USA
588,252400,2025-04-25,13445,14150,-0.03,0.01,RISE 200선물레버리지,KB자산운용,20160912,DIVIDEND
589,483570,2025-04-25,10095,10765,0.03,-0.09,KCGI 미국S&P500 TOP10,KCGI자산운용,20240528,SECTOR
590,415340,2025-04-25,8140,8240,-0.05,0.03,KODEX 차이나과창판STAR50(합성),삼성자산운용(ETF),20220113,SECTOR
591,266370,2025-04-25,14365,14870,-0.08,0.09,KODEX IT,삼성자산운용(ETF),20170328,DIVIDEND
592,494420,2025-04-25,8740,8940,-0.07,0.02,PLUS 미국배당증가성장주데일리커버드콜,한화자산운용,20241022,DIVIDEND
593,250780,2025-04-25,3975,3905,-0.07,0.06,TIGER 코스닥150선물인버스,미래에셋자산운용,20160810,SECTOR
594,265690,2025-04-25,8535,8535,-0.07,0.08,ACE 러시아MSCI(합성),한국투신운용(ETF),20170321,SECTOR
595,243880,2025-04-25,19745,21180,-0.07,-0.05,TIGER 200IT레버리지,미래에셋자산운용,20160513,DIVIDEND
596,445690,2025-04-25,14090,14450,0.03,-0.06,BNK 주주가치액티브,BNK자산운용,20221027,EMERGING_MARKETS
597,409810,2025-04-25,8670,8200,-0.06,0.02,KODEX 미국나스닥100선물인버스(H),삼성자산운용(ETF),20211209,SECTOR
598,448630,2025-04-25,9795,9830,-0.03,-0.02,RISE 삼성그룹Top3채권혼합,KB자산운용,20221129,MULTI_ASSET
599,467620,2025-04-25,55750,56145,0.08,0.07,KIWOOM 25-09 미국채권(AA-이상)액티브,키움투자자산운용,20231017,MULTI_ASSET
600,387280,2025-04-25,6445,6560,-0.01,0.08,TIGER 퓨처모빌리티액티브,미래에셋자산운용,20210525,SECTOR
601,491510,2025-04-25,10310,10605,0.03,-0.03,파워 K-주주가치액티브,교보악사자산운용,20240924,MULTI_ASSET
602,292770,2025-04-25,54945,54935,-0.07,-0.05,KODEX 국채선물3년인버스,삼성자산운용(ETF),20180413,MULTI_ASSET
603,489000,2025-04-25,10755,10745,-0.06,0.06,PLUS 일본엔화초단기국채(합성),한화자산운용,20240813,SECTOR
604,137610,2025-04-25,5665,5625,-0.09,-0.05,TIGER 농산물선물Enhanced(H),미래에셋자산운용,20110111,ESG
605,417630,2025-04-25,9850,10095,-0.07,0.06,TIGER KEDI혁신기업ESG30,미래에셋자산운용,20220208,ESG
606,381560,2025-04-25,6470,6685,-0.04,-0.02,HANARO Fn전기&수소차,NH-Amundi자산운용,20210402,SECTOR
607,385520,2025-04-25,6935,7115,-0.06,0.03,KODEX K-미래차액티브,삼성자산운용(ETF),20210525,EMERGING_MARKETS
608,183700,2025-04-25,61240,61920,-0.08,-0.08,RISE 채권혼합,KB자산운용,20131017,BIO
609,261120,2025-04-25,5355,5280,-0.08,0.02,TIGER 미국달러선물인버스2X,미래에셋자산운용,20161227,DIVIDEND
610,277540,2025-04-25,15945,16300,-0.01,-0.01,ACE 아시아TOP50S&P,한국투자신탁운용,20170823,SECTOR
611,371150,2025-04-25,7480,7925,-0.06,0.02,RISE 차이나항셍테크,KB자산운용,20201216,SECTOR
612,371870,2025-04-25,7450,7920,-0.03,-0.07,ACE 차이나항셍테크,한국투신운용(ETF),20201216,SECTOR
613,459750,2025-04-25,12970,13515,0.0,0.05,RISE 글로벌주식분산액티브,KB자산운용,20230627,EMERGING_MARKETS
614,253290,2025-04-25,12020,12080,0.04,0.07,RISE 헬스케어채권혼합,KB자산운용,20160923,DEFENSE
615,474920,2025-04-25,13335,14075,-0.09,-0.06,에셋플러스 차이나일등기업포커스10액티브,에셋플러스자산운용,20240116,MULTI_ASSET
616,407820,2025-04-25,6755,6850,0.06,-0.08,에셋플러스 코리아플랫폼액티브,에셋플러스자산운용,20211116,SECTOR
617,304770,2025-04-25,11785,11930,0.03,-0.1,HANARO 코스닥150,NH-Amundi자산운용,20180814,SECTOR
618,491830,2025-04-25,8735,9475,-0.08,0.03,TIGER 미국AI반도체팹리스,미래에셋자산운용,20240924,SECTOR
619,316670,2025-04-25,5850,5950,0.07,0.02,KIWOOM 코스닥150,키움투자자산운용,20190122,SECTOR
620,241390,2025-04-25,11615,11780,0.08,0.01,RISE V&S셀렉트밸류채권혼합,KB자산운용,20160412,MULTI_ASSET
621,139270,2025-04-25,8485,8840,-0.09,-0.05,TIGER 200 금융,미래에셋자산운용,20110406,GOVERNMENT_BOND
622,422260,2025-04-25,9290,9235,-0.04,-0.02,VITA MZ소비액티브,한국투자밸류자산운용,20220329,MULTI_ASSET
623,280320,2025-04-25,16785,17900,0.06,0.02,ACE 미국IT인터넷S&P(합성 H),한국투신운용(ETF),20171017,SECTOR
624,185680,2025-04-25,23455,25075,0.05,-0.0,KODEX 미국S&P바이오(합성),삼성자산운용(ETF),20131031,SECTOR
625,451670,2025-04-25,27575,27405,-0.06,0.1,RISE 국채30년레버리지(합성),KB자산운용,20230214,DIVIDEND
626,475300,2025-04-25,7180,7550,-0.06,-0.07,SOL 반도체전공정,신한자산운용,20240214,SEMICONDUCTOR
627,410870,2025-04-25,10420,10425,-0.03,0.04,TIMEFOLIO K컬처액티브,타임폴리오자산운용,20211215,DEFENSE
628,140710,2025-04-25,5015,4970,-0.0,-0.02,KODEX 운송,삼성자산운용(ETF),20110426,REITS
629,469160,2025-04-25,9940,10500,0.02,-0.01,ACE 일본반도체,한국투신운용(ETF),20231017,DEFENSE
630,0000Z0,2025-04-25,10620,10540,-0.03,0.04,RISE 바이오TOP10액티브,KB자산운용,20241224,BIO
631,300610,2025-04-25,6640,6670,-0.01,0.04,TIGER K게임,미래에셋자산운용,20180724,DIVIDEND
632,290080,2025-04-25,8410,8580,0.05,0.1,RISE 200고배당커버드콜ATM,KB자산운용,20180227,DIVIDEND
633,494180,2025-04-25,9360,9895,-0.09,-0.07,TIMEFOLIO 글로벌소비트렌드액티브,타임폴리오자산운용,20241029,DEFENSE
634,428560,2025-04-25,16040,16550,-0.05,-0.08,KODEX 미국ETF산업Top10 Indxx,삼성자산운용(ETF),20220517,SECTOR
635,117680,2025-04-25,8975,9290,0.04,0.04,KODEX 철강,삼성자산운용(ETF),20091030,DEFENSE
636,468370,2025-04-25,11195,11350,0.08,0.02,KODEX iShares미국인플레이션국채액티브,삼성자산운용(ETF),20231019,EMERGING_MARKETS
637,482870,2025-04-25,9730,9935,0.0,-0.05,HANARO 주주가치성장코리아액티브,NH-Amundi자산운용,20240611,SECTOR
638,460660,2025-04-25,10675,10860,0.01,-0.08,RISE 미국S&P배당킹,KB자산운용,20230627,USA
639,0023A0,2025-04-25,9875,10660,-0.08,-0.08,SOL 미국양자컴퓨팅TOP10,신한자산운용,20250311,MULTI_ASSET
640,455660,2025-04-25,9780,9835,-0.01,0.08,ACE 미국하이일드액티브(H),한국투자신탁운용,20230418,SECTOR
641,266410,2025-04-25,7000,7095,0.01,-0.06,KODEX 필수소비재,삼성자산운용(ETF),20170328,SECTOR
642,295020,2025-04-25,53150,53135,-0.05,-0.04,RISE 국채선물10년인버스,KB자산운용,20180511,DIVIDEND
643,446700,2025-04-25,7820,8100,-0.05,-0.05,RISE 배터리 리사이클링,KB자산운용,20221101,DIVIDEND
644,291130,2025-04-25,13320,14275,-0.02,-0.03,ACE 멕시코MSCI(합성),한국투신운용(ETF),20180309,SECTOR
645,217780,2025-04-25,7615,7590,-0.1,-0.09,TIGER 차이나CSI300인버스(합성),미래에셋자산운용,20150610,SECTOR
646,114460,2025-04-25,104515,104675,-0.04,0.0,ACE 국고채3년,한국투신운용(ETF),20090731,MULTI_ASSET
647,122090,2025-04-25,22885,23440,-0.06,-0.09,PLUS 코스피50,한화자산운용,20100107,DIVIDEND
648,491820,2025-04-25,11790,11875,-0.03,0.06,HANARO 전력설비투자,NH-Amundi자산운용,20240924,SECTOR
649,463640,2025-04-25,12980,13335,-0.08,-0.05,KODEX 미국S&P500유틸리티,삼성자산운용(ETF),20230801,DEFENSE
650,140950,2025-04-25,25335,26015,0.08,0.01,파워 코스피100,교보악사자산운용,20110503,SECTOR
651,337140,2025-04-25,12160,12480,0.02,0.08,KODEX 코스피대형주,삼성자산운용(ETF),20191114,DIVIDEND
652,456250,2025-04-25,9555,9965,0.04,0.03,KODEX 유럽명품TOP10 STOXX,삼성자산운용(ETF),20230425,SECTOR
653,435040,2025-04-25,15590,16445,0.06,0.01,ACE 글로벌브랜드TOP10블룸버그,한국투자신탁운용,20220628,SECTOR
654,276000,2025-04-25,13965,14170,-0.0,-0.04,TIGER 글로벌자원생산기업(합성 H),미래에셋자산운용,20170801,EMERGING_MARKETS
655,479850,2025-04-25,12395,12670,-0.08,-0.03,HANARO K-뷰티,NH-Amundi자산운용,20240416,SECTOR
656,117690,2025-04-25,19535,20500,0.01,0.03,TIGER 차이나항셍25,미래에셋자산운용,20091021,SECTOR
657,465670,2025-04-25,11245,11655,0.02,0.1,TIGER 미국캐시카우100,미래에셋자산운용,20230919,DIVIDEND
658,275300,2025-04-25,8430,8615,0.05,0.03,KODEX MSCI퀄리티,삼성자산운용(ETF),20170711,SECTOR
659,306950,2025-04-25,11580,12250,-0.01,0.01,KODEX KRX300레버리지,삼성자산운용(ETF),20181016,SECTOR
660,453630,2025-04-25,12435,12450,-0.07,0.05,KODEX 미국S&P500필수소비재,삼성자산운용(ETF),20230321,COMMODITIES
661,453060,2025-04-25,107550,107615,-0.04,-0.01,HANARO KOFR금리액티브(합성),NH-Amundi자산운용,20230314,DIVIDEND
662,219390,2025-04-25,5050,5065,-0.03,-0.09,RISE 미국S&P원유생산기업(합성 H),KB자산운용,20150602,USA
663,430500,2025-04-25,117640,118010,0.03,0.01,KIWOOM 물가채KIS,키움투자자산운용,20220531,MULTI_ASSET
664,102960,2025-04-25,7710,8045,0.01,0.09,KODEX 기계장비,삼성자산운용(ETF),20080529,DEFENSE
665,395280,2025-04-25,3920,3890,-0.03,-0.06,HANARO Fn K-게임,NH-Amundi자산운용,20210730,DIVIDEND
666,494340,2025-04-25,8460,9260,0.1,0.04,ACE 글로벌AI맞춤형반도체,한국투신운용(ETF),20241022,AI_DATA
667,0001P0,2025-04-25,9445,9480,0.02,-0.06,마이티 바이오시밀러&CDMO액티브,DB자산운용,20241224,BIO
668,0013R0,2025-04-25,8775,9075,-0.05,0.01,RISE 테슬라미국채타겟커버드콜혼합(합성),KB자산운용,20250218,SECTOR
669,391600,2025-04-25,7785,8165,-0.08,-0.08,ACE 미국친환경그린테마INDXX,한국투신운용(ETF),20210805,SECTOR
670,449690,2025-04-25,15030,15325,-0.07,-0.01,TIGER 한중반도체(합성),미래에셋자산운용,20221222,SECTOR
671,469060,2025-04-25,11575,12760,-0.05,0.05,RISE 미국반도체NYSE,KB자산운용,20231024,USA
672,223190,2025-04-25,11040,11340,-0.07,-0.03,KODEX 200가치저변동,삼성자산운용(ETF),20150626,DIVIDEND
673,138910,2025-04-25,7825,8080,-0.06,0.03,KODEX 구리선물(H),삼성자산운용(ETF),20110315,COMMODITIES
674,385600,2025-04-25,5805,5945,-0.04,0.06,ACE 2차전지&친환경차액티브,한국투신운용(ETF),20210525,DEFENSE
675,484890,2025-04-25,51420,51430,-0.07,0.09,SOL 머니마켓액티브,신한자산운용,20240625,EMERGING_MARKETS
676,461900,2025-04-25,14500,15530,0.08,-0.05,PLUS 미국테크TOP10,한화자산운용,20230718,SECTOR
677,100910,2025-04-25,5240,5375,-0.08,-0.02,KIWOOM KRX100,키움투자자산운용,20080123,MULTI_ASSET
678,461450,2025-04-25,10970,11205,0.0,-0.07,KODEX 코스닥글로벌,삼성자산운용(ETF),20230629,SECTOR
679,105780,2025-04-25,5500,5610,-0.02,0.1,RISE 5대그룹주,KB자산운용,20081022,MULTI_ASSET
680,230480,2025-04-25,4685,4595,0.1,0.09,KIWOOM 미국달러선물인버스2X,키움투자자산운용,20151116,REITS
681,0021E0,2025-04-25,9620,9880,-0.08,0.01,ACE TDF2050액티브,한국투신운용(ETF),20250311,SEMICONDUCTOR
682,407310,2025-04-25,7560,7700,-0.02,0.07,HANARO 200 TOP10,NH-Amundi자산운용,20211124,MULTI_ASSET
683,195920,2025-04-25,21710,22310,0.09,0.0,TIGER 일본TOPIX(합성 H),미래에셋자산운용,20140430,SECTOR
684,472840,2025-04-25,33345,34125,0.07,0.02,ITF 200,IBK자산운용,20231221,DIVIDEND
685,310080,2025-04-25,8970,9325,0.06,-0.08,RISE 중국MSCI China(H),KB자산운용,20181128,KOREA
686,225130,2025-04-25,36490,36900,-0.05,0.05,ACE 골드선물 레버리지(합성 H),한국투신운용(ETF),20150728,DIVIDEND
687,156080,2025-04-25,15255,15685,-0.07,-0.07,KODEX MSCI Korea,삼성자산운용(ETF),20120430,KOREA
688,487920,2025-04-25,8415,8760,0.03,0.07,ACE 인도시장대표BIG5그룹액티브,한국투신운용(ETF),20240910,SECTOR
689,433880,2025-04-25,13715,14300,0.09,0.06,PLUS TDF2060액티브,한화자산운용,20220630,MULTI_ASSET
690,269370,2025-04-25,14990,15235,0.01,0.04,TIGER S&P글로벌인프라(합성),미래에셋자산운용,20170516,SECTOR
691,411050,2025-04-25,11070,12330,0.01,-0.09,ACE 글로벌메타버스테크액티브,한국투신운용(ETF),20211222,DEFENSE
692,491630,2025-04-25,24015,21545,-0.04,-0.04,RISE 미국반도체인버스(합성 H),KB자산운용,20241022,USA
693,275290,2025-04-25,10355,10595,0.05,-0.05,KODEX MSCI밸류,삼성자산운용(ETF),20170711,SECTOR
694,483420,2025-04-25,8680,9400,-0.06,-0.03,ACE 애플밸류체인액티브,한국투신운용(ETF),20240611,AI_DATA
695,453660,2025-04-25,14280,14985,-0.04,-0.08,KODEX 미국S&P500경기소비재,삼성자산운용(ETF),20230321,SECTOR
696,499150,2025-04-25,9195,9595,-0.01,0.09,SOL 미국S&P500엔화노출(H),신한자산운용,20241203,DEFENSE
697,487950,2025-04-25,8475,8630,0.0,0.01,KODEX 대만테크고배당다우존스,삼성자산운용(ETF),20240723,SECTOR
698,104520,2025-04-25,8365,8565,-0.05,-0.04,KIWOOM 블루칩,키움투자자산운용,20080729,SEMICONDUCTOR
699,417450,2025-04-25,6050,6170,-0.08,-0.02,RISE 글로벌수소경제,KB자산운용,20220215,ESG
700,483030,2025-04-25,9135,9435,0.02,-0.01,KIWOOM 미국블록버스터바이오테크의약품+,키움투자자산운용,20240528,BIO
701,498610,2025-04-25,9595,10155,-0.04,0.02,RISE 인도디지털성장,KB자산운용,20250401,DIVIDEND
702,365040,2025-04-25,12450,12805,0.02,0.0,TIGER AI코리아그로스액티브,미래에셋자산운용,20200929,SECTOR
703,275280,2025-04-25,14225,14410,-0.07,0.08,KODEX MSCI모멘텀,삼성자산운용(ETF),20170711,DEFENSE
704,0036R0,2025-04-25,9725,10550,-0.0,-0.0,RISE 미국휴머노이드로봇,KB자산운용,20250415,MULTI_ASSET
705,432840,2025-04-25,14200,14760,0.01,0.1,HANARO 미국S&P500,NH-Amundi자산운용,20220608,SECTOR
706,460270,2025-04-25,12180,12350,-0.09,0.07,KIWOOM 미국달러SOFR금리액티브(합성),키움투자자산운용,20230620,DIVIDEND
708,261110,2025-04-25,16270,16540,-0.03,-0.06,TIGER 미국달러선물레버리지,미래에셋자산운용,20161227,DIVIDEND
709,138530,2025-04-25,6080,6240,-0.07,0.09,TIGER LG그룹+펀더멘털,미래에셋자산운용,20110310,MULTI_ASSET
710,285690,2025-04-25,10805,11015,-0.09,-0.08,FOCUS ESG리더스,브이아이자산운용,20171213,DIVIDEND
711,496130,2025-04-25,9785,9990,0.1,0.06,TRUSTON 코리아밸류업액티브,트러스톤자산운용,20241104,SECTOR
712,419650,2025-04-25,2800,2890,-0.04,-0.02,PLUS 글로벌수소&차세대연료전지,한화자산운용,20220215,ESG
713,0021D0,2025-04-25,9830,9995,0.06,0.08,ACE TDF2030액티브,한국투신운용(ETF),20250311,SEMICONDUCTOR
714,480460,2025-04-25,9715,9810,-0.05,0.07,WON 한국부동산TOP3플러스,우리자산운용,20240430,SECTOR
715,337150,2025-04-25,11970,12175,0.04,0.06,KODEX 200exTOP,삼성자산운용(ETF),20191114,SECTOR
716,463690,2025-04-25,14755,15480,0.05,0.06,KODEX 미국S&P500커뮤니케이션,삼성자산운용(ETF),20230801,SECTOR
717,226980,2025-04-25,13675,14010,0.02,-0.04,KODEX 200 중소형,삼성자산운용(ETF),20150901,SECTOR
718,0005C0,2025-04-25,9560,10010,-0.01,-0.08,RISE 미국S&P500엔화노출(합성 H),KB자산운용,20250114,USA
719,181480,2025-04-25,80290,80430,-0.02,-0.02,ACE 미국부동산리츠(합성 H),한국투신운용(ETF),20130801,DIVIDEND
720,0021C0,2025-04-25,9450,9790,-0.03,-0.07,ACE 장기자산배분액티브,한국투신운용(ETF),20250311,ESG
721,442090,2025-04-25,11810,12030,0.09,0.04,에셋플러스 코리아대장장이액티브,에셋플러스자산운용,20220920,SECTOR
722,145850,2025-04-25,37285,37985,0.07,-0.03,TREX 펀더멘탈 200,유리자산운용,20110923,MULTI_ASSET
723,159800,2025-04-25,25785,26490,0.09,0.1,마이티 코스피100,DB자산운용,20120705,SECTOR
724,0018C0,2025-04-25,9625,9920,-0.08,0.03,PLUS 고배당주위클리고정커버드콜,한화자산운용,20250305,SECTOR
725,474390,2025-04-25,58980,58630,0.05,0.06,SOL 국고채30년액티브,신한자산운용,20240116,DEFENSE
726,139320,2025-04-25,14480,14620,0.09,-0.07,TIGER 금은선물(H),미래에셋자산운용,20110408,GOLD
727,400590,2025-04-25,11525,11745,-0.06,0.07,SOL 글로벌탄소배출권선물ICE(합성),신한자산운용,20210930,COMMODITIES
728,0015E0,2025-04-25,9375,9505,-0.09,0.08,KIWOOM 엔비디아미국30년국채혼합액티브(H),키움투자자산운용,20250211,SECTOR
729,475310,2025-04-25,9085,9580,0.05,-0.0,SOL 반도체후공정,신한자산운용,20240214,SEMICONDUCTOR
730,450190,2025-04-25,15240,15450,0.01,0.02,KODEX 한중반도체(합성),삼성자산운용(ETF),20221222,SECTOR
731,494210,2025-04-25,9050,9355,0.07,0.05,SOL 미국500타겟커버드콜액티브,신한자산운용,20241015,MULTI_ASSET
732,376410,2025-04-25,8265,8480,-0.07,-0.07,TIGER 탄소효율그린뉴딜,미래에셋자산운용,20210205,SECTOR
733,464610,2025-04-25,11200,11275,0.06,0.0,SOL 의료기기소부장Fn,신한자산운용,20230822,SECTOR
734,461910,2025-04-25,16995,19580,-0.06,-0.02,PLUS 미국테크TOP10레버리지(합성),한화자산운용,20230718,DIVIDEND
735,473640,2025-04-25,18490,18300,-0.07,-0.07,HANARO 글로벌금채굴기업,NH-Amundi자산운용,20240118,EMERGING_MARKETS
736,0020H0,2025-04-25,9000,9885,-0.07,-0.03,KoAct 글로벌양자컴퓨팅액티브,삼성액티브자산(ETF),20250311,DEFENSE
737,452440,2025-04-25,12820,13040,0.06,-0.09,VITA 밸류알파액티브,한국투자밸류자산운용,20230221,MULTI_ASSET
738,091220,2025-04-25,8840,9210,0.03,-0.09,TIGER 은행,미래에셋자산운용,20060627,DIVIDEND
739,404260,2025-04-25,9295,10065,0.0,-0.07,KODEX 기후변화솔루션,삼성자산운용(ETF),20211029,ESG
740,429740,2025-04-25,6700,6755,-0.03,0.09,PLUS K리츠,한화자산운용,20220524,DIVIDEND
741,445910,2025-04-25,13270,13530,0.08,0.01,TIGER MKF배당귀족,미래에셋자산운용,20221018,DIVIDEND
742,415760,2025-04-25,7765,7880,-0.02,0.09,SOL 차이나육성산업액티브(합성),신한자산운용,20220113,DEFENSE
743,267490,2025-04-25,5550,5615,0.06,-0.01,RISE 미국장기국채선물레버리지(합성 H),KB자산운용,20170420,DIVIDEND
744,131890,2025-04-25,16945,17345,-0.01,-0.04,ACE 삼성그룹동일가중,한국투신운용(ETF),20100917,SECTOR
745,152500,2025-04-25,5970,6280,-0.02,0.0,ACE 레버리지,한국투신운용(ETF),20120127,DIVIDEND
746,0002C0,2025-04-25,10375,10775,-0.01,-0.01,에셋플러스 인도일등기업포커스20액티브,에셋플러스자산운용,20250225,SECTOR
747,472720,2025-04-25,11685,11950,-0.04,-0.08,TRUSTON 주주가치액티브,트러스톤자산운용,20231214,EMERGING_MARKETS
748,433220,2025-04-25,15970,16970,0.05,0.03,에셋플러스 글로벌대장장이액티브,에셋플러스자산운용,20220628,SECTOR
749,192720,2025-04-25,34520,35395,0.0,-0.06,파워 고배당저변동성,교보악사자산운용,20140220,SECTOR
750,0018Z0,2025-04-25,9055,9835,-0.05,0.02,RISE 미국양자컴퓨팅,KB자산운용,20250311,USA
751,424460,2025-04-25,13790,14150,0.08,0.03,HANARO 글로벌워터MSCI(합성),NH-Amundi자산운용,20220419,DEFENSE
752,395760,2025-04-25,8300,8450,-0.02,-0.07,PLUS ESG성장주액티브,한화자산운용,20210730,ESG
753,497520,2025-04-25,10030,10495,0.01,-0.09,ACE 일라이릴리밸류체인,한국투신운용(ETF),20241119,DEFENSE
755,477490,2025-04-25,13070,14145,0.08,0.06,에셋플러스 글로벌일등기업포커스10액티브,에셋플러스자산운용,20240319,EMERGING_MARKETS
756,364690,2025-04-25,13605,13870,0.02,-0.01,KODEX 혁신기술테마액티브,삼성자산운용(ETF),20200929,DEFENSE
758,292500,2025-04-25,15985,16170,-0.08,-0.09,SOL KRX300,신한자산운용,20180326,SEMICONDUCTOR
759,471780,2025-04-25,7850,8160,0.09,0.1,TIGER 코리아테크액티브,미래에셋자산운용,20231128,SECTOR
760,497510,2025-04-25,10025,10290,0.03,-0.09,ACE 글로벌빅파마,한국투신운용(ETF),20241119,DEFENSE
761,438740,2025-04-25,21375,21665,-0.03,0.04,마이다스 중소형액티브,마이다스자산운용,20220817,SECTOR
762,0005G0,2025-04-25,9210,9590,-0.07,0.1,ITF K-AI반도체코어테크,IBK자산운용,20250121,SECTOR
763,269530,2025-04-25,17715,18015,0.06,-0.05,PLUS S&P글로벌인프라,한화자산운용,20170516,DEFENSE
764,292160,2025-04-25,15780,16225,0.02,-0.07,TIGER KRX300,미래에셋자산운용,20180326,SECTOR
765,225060,2025-04-25,7150,7400,0.01,-0.08,TIGER 이머징마켓MSCI레버리지(합성 H),미래에셋자산운용,20150729,DIVIDEND
766,305050,2025-04-25,26120,26745,0.08,-0.04,ACE 코스피,한국투신운용(ETF),20181005,DIVIDEND
767,390400,2025-04-25,4750,5145,0.06,-0.08,KODEX 미국스마트모빌리티S&P,삼성자산운용(ETF),20210630,EMERGING_MARKETS
768,498050,2025-04-25,11065,11165,-0.07,0.04,HANARO 바이오코리아액티브,NH-Amundi자산운용,20241126,SECTOR
769,457930,2025-04-25,11155,11330,-0.04,-0.09,BNK 미래전략기술액티브,BNK자산운용,20230620,DEFENSE
770,182490,2025-04-25,12920,13140,-0.05,0.0,TIGER 단기선진하이일드(합성 H),미래에셋자산운용,20140324,DIVIDEND
771,404120,2025-04-25,10810,11475,0.05,0.1,TIMEFOLIO K신재생에너지액티브,타임폴리오자산운용,20211029,ESG
772,183710,2025-04-25,38605,39545,-0.09,0.06,RISE 주식혼합,KB자산운용,20131017,EMERGING_MARKETS
773,0007G0,2025-04-25,7745,8135,0.01,0.02,PLUS 글로벌원자력밸류체인,한화자산운용,20250114,SECTOR
774,253250,2025-04-25,13280,13975,0.05,-0.04,KIWOOM 200선물레버리지,키움투자자산운용,20160912,DIVIDEND
775,451150,2025-04-25,14975,15935,0.08,0.02,에셋플러스 글로벌영에이지액티브,에셋플러스자산운용,20230131,MULTI_ASSET
776,237440,2025-04-25,9595,9590,-0.03,0.01,TIGER 경기방어채권혼합,미래에셋자산운용,20160127,DIVIDEND
777,322410,2025-04-25,13765,14115,0.06,-0.01,HANARO 고배당,NH-Amundi자산운용,20190423,REITS
778,368680,2025-04-25,6925,6970,-0.08,-0.07,KODEX K-뉴딜디지털플러스,삼성자산운용(ETF),20201110,SECTOR
779,0035T0,2025-04-25,9840,10485,0.07,0.08,PLUS 글로벌휴머노이드로봇액티브,한화자산운용,20250415,MULTI_ASSET
780,0015K0,2025-04-25,7540,7945,-0.07,-0.01,TIGER 미국소비트렌드액티브,미래에셋자산운용,20250218,USA
781,0023B0,2025-04-25,9115,9775,-0.02,-0.06,PLUS 미국양자컴퓨팅TOP10,한화자산운용,20250311,SECTOR
782,229720,2025-04-25,14965,15355,0.06,-0.03,KODEX KTOP30,삼성자산운용(ETF),20151014,SECTOR
783,360150,2025-04-25,9475,9390,-0.07,-0.02,KODEX 코스닥150롱코스피200숏선물,삼성자산운용(ETF),20200821,MULTI_ASSET
784,442560,2025-04-25,12415,12830,-0.05,0.07,RISE TDF2040액티브,KB자산운용,20220922,MULTI_ASSET
785,225030,2025-04-25,3240,3125,0.04,0.05,TIGER 미국S&P500선물인버스(H),미래에셋자산운용,20150729,REITS
786,267440,2025-04-25,8460,8460,0.04,0.05,RISE 미국장기국채선물(H),KB자산운용,20170420,USA
787,0013P0,2025-04-25,8030,8590,0.03,-0.1,RISE 미국은행TOP10,KB자산운용,20250218,DIVIDEND
788,225050,2025-04-25,10665,11640,0.04,-0.02,TIGER 유로스탁스레버리지(합성 H),미래에셋자산운용,20150729,DIVIDEND
789,375760,2025-04-25,8215,8385,0.01,-0.0,HANARO 탄소효율그린뉴딜,NH-Amundi자산운용,20210205,SECTOR
790,375270,2025-04-25,11495,11570,-0.05,-0.1,RISE 글로벌데이터센터리츠(합성),KB자산운용,20210114,AI_DATA
791,385710,2025-04-25,7535,7485,-0.03,-0.05,TIMEFOLIO K이노베이션액티브,타임폴리오자산운용,20210525,DEFENSE
792,419420,2025-04-25,4945,5175,-0.06,0.05,KODEX 미국클린에너지나스닥,삼성자산운용(ETF),20220322,SECTOR
793,337120,2025-04-25,12190,12360,0.08,-0.07,KODEX 멀티팩터,삼성자산운용(ETF),20191114,MULTI_ASSET
794,462340,2025-04-25,13655,14275,0.02,0.01,에셋플러스 글로벌다이나믹시니어액티브,에셋플러스자산운용,20230725,SECTOR
795,475070,2025-04-25,13095,13650,-0.02,-0.06,KoAct 글로벌친환경전력인프라액티브,삼성액티브자산(ETF),20240118,ESG
796,281990,2025-04-25,11905,12145,-0.01,-0.1,RISE 중소형고배당,KB자산운용,20171102,DIVIDEND
797,449580,2025-04-25,14155,14585,0.09,-0.05,RISE 테슬라애플아마존채권혼합,KB자산운용,20221220,MULTI_ASSET
798,446690,2025-04-25,14095,14785,-0.07,0.1,KODEX 아시아AI반도체exChina액티브,삼성자산운용(ETF),20230201,SECTOR
799,460280,2025-04-25,9240,9605,0.02,0.06,KIWOOM Fn유전자혁신기술,키움투자자산운용,20230627,MULTI_ASSET
800,307510,2025-04-25,15465,15715,0.0,0.09,TIGER 의료기기,미래에셋자산운용,20181108,DIVIDEND
801,464600,2025-04-25,8210,8370,0.02,-0.0,SOL 자동차소부장Fn,신한자산운용,20230822,SECTOR
802,481200,2025-04-25,9155,8465,-0.1,-0.08,SOL 미국테크TOP10인버스(합성),신한자산운용,20240521,SECTOR
803,289260,2025-04-25,8185,8335,0.07,0.01,TIGER MSCI KOREA ESG리더스,미래에셋자산운용,20180207,SECTOR
804,253150,2025-04-25,27075,28535,0.09,-0.01,PLUS 200선물레버리지,한화자산운용,20160929,DIVIDEND
805,416090,2025-04-25,7695,7780,0.01,0.07,ACE 중국과창판STAR50,한국투자신탁운용,20220113,SECTOR
806,464060,2025-04-25,13580,14680,0.04,-0.08,HANARO 글로벌반도체TOP10 SOLACTIVE,NH-Amundi자산운용,20230801,MULTI_ASSET
807,289040,2025-04-25,9715,9915,0.08,-0.0,KODEX MSCI KOREA ESG유니버설,삼성자산운용(ETF),20180207,SECTOR
808,270800,2025-04-25,11415,11550,0.04,-0.07,RISE KQ고배당,KB자산운용,20170707,DIVIDEND
809,289670,2025-04-25,57425,57635,-0.07,-0.04,PLUS 국채선물10년,한화자산운용,20180207,MULTI_ASSET
810,495060,2025-04-25,9110,9280,0.02,0.05,TIMEFOLIO 코리아밸류업액티브,타임폴리오자산운용,20241104,SECTOR
811,174350,2025-04-25,13435,13780,0.02,-0.0,TIGER 로우볼,미래에셋자산운용,20130620,DIVIDEND
812,448100,2025-04-25,33805,34700,-0.02,-0.02,WON 200,우리자산운용,20221216,DIVIDEND
813,413930,2025-04-25,9035,9250,0.05,-0.02,WON AI ESG액티브,우리자산운용,20220105,AI_DATA
814,253280,2025-04-25,13660,13690,0.09,-0.01,RISE 헬스케어,KB자산운용,20160923,DIVIDEND
815,298340,2025-04-25,57065,57130,0.09,0.06,PLUS 국채선물3년,한화자산운용,20180608,MULTI_ASSET
816,400580,2025-04-25,9635,9785,-0.01,0.08,SOL 유럽탄소배출권선물S&P(H),신한자산운용,20210930,COMMODITIES
817,108590,2025-04-25,33720,34575,-0.08,0.09,TREX 200,유리자산운용,20090123,MULTI_ASSET
818,217770,2025-04-25,2950,2945,0.1,0.06,TIGER 원유선물인버스(H),미래에셋자산운용,20150429,DIVIDEND
819,435550,2025-04-25,13425,13815,0.07,-0.04,KIWOOM TDF2050액티브,키움투자자산운용,20220630,MULTI_ASSET
820,435540,2025-04-25,13355,13530,-0.08,0.04,KIWOOM TDF2040액티브,키움투자자산운용,20220630,MULTI_ASSET
821,488290,2025-04-25,20330,21475,0.08,-0.01,마이다스 일본테크액티브,마이다스자산운용,20240806,SECTOR
822,252650,2025-04-25,10985,11345,0.07,-0.05,KODEX 200동일가중,삼성자산운용(ETF),20160920,SECTOR
823,234310,2025-04-25,13115,13520,0.0,0.07,RISE V&S셀렉트밸류,KB자산운용,20160202,MULTI_ASSET
824,251590,2025-04-25,13200,13410,0.02,-0.09,PLUS 고배당저변동50,한화자산운용,20160811,DIVIDEND
825,261140,2025-04-25,10490,10845,-0.02,0.08,TIGER 우선주,미래에셋자산운용,20170106,DIVIDEND
826,153270,2025-04-25,25070,25675,-0.09,-0.01,KIWOOM 코스피100,키움투자자산운용,20120228,MULTI_ASSET
827,227830,2025-04-25,26030,26630,-0.03,0.03,PLUS 코스피,한화자산운용,20150923,DIVIDEND
828,483020,2025-04-25,9545,9450,0.06,0.03,KIWOOM 의료AI,키움투자자산운용,20240528,SECTOR
829,457990,2025-04-25,10350,11600,-0.1,0.08,PLUS 태양광&ESS,한화자산운용,20230620,SEMICONDUCTOR
830,292730,2025-04-25,16175,16465,-0.03,0.03,FOCUS KRX300,브이아이자산운용,20180326,SEMICONDUCTOR
831,449680,2025-04-25,7520,7860,-0.02,0.02,TIGER 한중전기차(합성),미래에셋자산운용,20221222,DEFENSE
832,307520,2025-04-25,9875,10155,0.01,-0.09,TIGER 지주회사,미래에셋자산운용,20181108,SECTOR
833,489860,2025-04-25,9785,10300,0.08,0.0,KIWOOM 글로벌전력GRID인프라,키움투자자산운용,20240827,DEFENSE
834,435530,2025-04-25,12780,13100,-0.03,-0.07,KIWOOM TDF2030액티브,키움투자자산운용,20220630,MULTI_ASSET
835,316300,2025-04-25,12420,12845,-0.03,0.05,ACE 싱가포르리츠,한국투신운용(ETF),20190129,SECTOR
836,488210,2025-04-25,7405,7690,0.05,0.0,KIWOOM K-반도체북미공급망,키움투자자산운용,20240723,DEFENSE
837,429010,2025-04-25,12335,13165,-0.01,0.04,TIGER 미국나스닥넥스트100,미래에셋자산운용,20220517,SECTOR
838,176950,2025-04-25,52865,52770,-0.06,-0.09,KODEX 국채선물10년인버스,삼성자산운용(ETF),20130531,DIVIDEND
839,244620,2025-04-25,12550,12630,-0.01,-0.08,KODEX 모멘텀Plus,삼성자산운용(ETF),20160513,SECTOR
840,304760,2025-04-25,15485,15815,-0.07,0.04,HANARO KRX300,NH-Amundi자산운용,20180814,SECTOR
841,284980,2025-04-25,11265,11790,-0.06,-0.09,RISE 200금융,KB자산운용,20171208,GOVERNMENT_BOND
842,459370,2025-04-25,12665,12520,-0.0,-0.09,SOL 유럽탄소배출권선물인버스ICE(H),신한자산운용,20230620,COMMODITIES
843,411540,2025-04-25,7700,7880,-0.02,-0.1,SOL 200 Top10,신한자산운용,20211209,MULTI_ASSET
844,289250,2025-04-25,9690,9870,0.08,0.09,TIGER MSCI KOREA ESG유니버설,미래에셋자산운용,20180207,SECTOR
845,166400,2025-04-25,12245,12545,-0.03,0.05,TIGER 200커버드콜OTM,미래에셋자산운용,20121025,DIVIDEND
846,401590,2025-04-25,9485,9515,0.02,-0.03,HANARO 글로벌탄소배출권선물ICE(합성),NH-Amundi자산운용,20210930,ESG
847,279540,2025-04-25,10190,10425,0.03,-0.04,KODEX 최소변동성,삼성자산운용(ETF),20171017,DIVIDEND
848,488480,2025-04-25,9985,10440,-0.1,-0.03,RISE 일본섹터TOP4Plus,KB자산운용,20240820,SECTOR
849,442550,2025-04-25,12260,12540,0.03,0.05,RISE TDF2030액티브,KB자산운용,20220922,MULTI_ASSET
850,253160,2025-04-25,4725,4480,-0.06,0.03,PLUS 200선물인버스2X,한화자산운용,20160922,MULTI_ASSET
851,140580,2025-04-25,12150,12465,0.09,-0.06,RISE 우량업종대표주,KB자산운용,20110415,DIVIDEND
852,488200,2025-04-25,6300,6510,-0.07,-0.07,KIWOOM K-2차전지북미공급망,키움투자자산운용,20240723,DEFENSE
853,280920,2025-04-25,10970,11165,-0.02,-0.08,PLUS 주도업종,한화자산운용,20171017,MULTI_ASSET
854,490330,2025-04-25,8535,8900,-0.08,0.03,KoAct 미국뇌질환치료제액티브,삼성액티브자산(ETF),20240903,USA
855,441330,2025-04-25,9115,9405,0.1,0.05,KIWOOM 차이나A50커넥트MSCI,키움투자자산운용,20220920,SECTOR
856,399580,2025-04-25,5980,6130,0.0,-0.05,RISE 글로벌클린에너지,KB자산운용,20211021,ESG
857,456200,2025-04-25,58530,59060,0.02,-0.1,PLUS 미국달러SOFR금리액티브(합성),한화자산운용,20230509,DIVIDEND
858,295000,2025-04-25,56615,56830,-0.09,-0.08,RISE 국채선물10년,KB자산운용,20180511,MULTI_ASSET
859,227560,2025-04-25,9225,9415,0.05,0.09,TIGER 200 생활소비재,미래에셋자산운용,20150923,REITS
860,304670,2025-04-25,11980,11850,-0.06,-0.04,KODEX 미국30년국채울트라선물인버스(H),삼성자산운용(ETF),20180912,SECTOR
861,469530,2025-04-25,9205,9140,0.08,0.05,RISE 미국달러선물인버스,KB자산운용,20231109,USA
862,474800,2025-04-25,10780,10850,-0.06,0.02,KIWOOM 미국원유에너지기업,키움투자자산운용,20240116,ESG
863,227570,2025-04-25,12050,12340,-0.06,-0.02,TIGER 우량가치,미래에셋자산운용,20150923,DIVIDEND
864,467540,2025-04-25,11625,11745,-0.09,-0.06,KIWOOM 코스닥글로벌,키움투자자산운용,20231024,SECTOR
865,404650,2025-04-25,9255,10055,-0.01,-0.08,SOL KRX기후변화솔루션,신한자산운용,20211029,SEMICONDUCTOR
866,253230,2025-04-25,2325,2195,0.01,0.02,KIWOOM 200선물인버스2X,키움투자자산운용,20160922,MULTI_ASSET
867,346000,2025-04-25,42520,42565,-0.09,0.05,HANARO KAP초장기국고채,NH-Amundi자산운용,20200116,SECTOR
868,219900,2025-04-25,2800,2935,0.06,0.03,ACE 중국본토CSI300레버리지(합성),한국투신운용(ETF),20150528,DIVIDEND
869,292050,2025-04-25,16165,16575,-0.01,0.01,RISE KRX300,KB자산운용,20180326,MULTI_ASSET
870,373530,2025-04-25,11140,10910,0.0,-0.09,PLUS 신흥국MSCI인버스(합성 H),한화자산운용,20201216,SECTOR
871,228820,2025-04-25,7490,7665,-0.01,0.09,TIGER KTOP30,미래에셋자산운용,20151014,SECTOR
872,215620,2025-04-25,13380,13555,-0.02,0.06,HK S&P코리아로우볼,흥국자산운용,20150325,SECTOR
873,461580,2025-04-25,11205,11400,0.01,-0.04,TIGER 코스닥글로벌,미래에셋자산운용,20230629,SECTOR
874,189400,2025-04-25,18530,19355,-0.07,0.1,PLUS 글로벌MSCI(합성 H),한화자산운용,20131210,SECTOR
875,267450,2025-04-25,11075,11125,-0.06,0.02,RISE 미국장기국채선물인버스(H),KB자산운용,20170420,DIVIDEND
876,498860,2025-04-25,9760,10120,0.07,0.02,RISE 코리아금융고배당,KB자산운용,20241210,SECTOR
877,138920,2025-04-25,10880,11035,0.09,0.05,KODEX 콩선물(H),삼성자산운용(ETF),20110315,SECTOR
878,157500,2025-04-25,6040,6435,-0.03,0.06,TIGER 증권,미래에셋자산운용,20120516,REITS
879,373490,2025-04-25,10890,10960,-0.05,0.03,KODEX K-이노베이션액티브,삼성자산운용(ETF),20201224,EMERGING_MARKETS
880,261920,2025-04-25,13495,13670,0.03,-0.07,ACE 필리핀MSCI(합성),한국투신운용(ETF),20161228,SECTOR
881,367740,2025-04-25,11760,12230,-0.02,-0.03,HANARO Fn5G산업,NH-Amundi자산운용,20201029,SECTOR
882,226380,2025-04-25,6115,6105,-0.09,0.09,ACE Fn성장소비주도주,한국투신운용(ETF),20150819,DIVIDEND
883,404540,2025-04-25,9315,10075,-0.07,-0.06,TIGER KRX기후변화솔루션,미래에셋자산운용,20211029,SECTOR
884,147970,2025-04-25,33570,34000,0.04,-0.03,TIGER 모멘텀,미래에셋자산운용,20111026,DIVIDEND
885,105010,2025-04-25,4335,4565,0.03,-0.01,TIGER 라틴35,미래에셋자산운용,20080827,DIVIDEND
886,0004G0,2025-04-25,8950,9065,-0.09,-0.01,1Q 미국배당30,하나자산운용,20250121,DIVIDEND
887,442580,2025-04-25,14970,15900,-0.06,0.02,PLUS 글로벌HBM반도체,한화자산운용,20220922,SECTOR
888,397420,2025-04-25,52300,52525,-0.05,0.09,RISE 국채선물5년추종,KB자산운용,20210831,MULTI_ASSET
889,437370,2025-04-25,8665,8930,0.03,-0.05,RISE 글로벌농업경제,KB자산운용,20220729,BIO
890,315270,2025-04-25,18770,18770,-0.1,-0.08,TIGER 200커뮤니케이션서비스,미래에셋자산운용,20190115,DIVIDEND
891,450180,2025-04-25,7665,8035,-0.08,-0.06,KODEX 한중전기차(합성),삼성자산운용(ETF),20221222,DEFENSE
892,395750,2025-04-25,7885,8040,0.06,0.08,PLUS ESG가치주액티브,한화자산운용,20210730,ESG
893,380340,2025-04-25,8500,8715,-0.06,0.03,ACE Fn5G플러스,한국투신운용(ETF),20210402,SEMICONDUCTOR
894,429980,2025-04-25,9960,10685,0.03,-0.04,SOL 한국형글로벌전기차&2차전지액티브,신한자산운용,20220614,KOREA
895,402460,2025-04-25,6775,6880,-0.05,0.06,HANARO Fn K-메타버스MZ,NH-Amundi자산운용,20211013,SECTOR
896,432600,2025-04-25,55435,55645,-0.08,0.07,RISE 국채선물3년,KB자산운용,20220614,MULTI_ASSET
897,489010,2025-04-25,9985,10780,-0.05,0.07,PLUS 글로벌AI인프라,한화자산운용,20240813,DEFENSE
898,277640,2025-04-25,12530,12855,0.04,0.08,TIGER 코스피대형주,미래에셋자산운용,20170831,DIVIDEND
899,314700,2025-04-25,8985,9220,0.07,-0.05,HANARO 농업융복합산업,NH-Amundi자산운용,20181221,SECTOR
900,485810,2025-04-25,8115,8485,0.07,0.05,TIMEFOLIO 글로벌안티에이징바이오액티브,타임폴리오자산운용,20240702,BIO
901,321410,2025-04-25,9730,9925,-0.02,-0.01,KODEX 멀티에셋하이인컴(H),삼성자산운용(ETF),20190605,MULTI_ASSET
902,476310,2025-04-25,8710,9085,0.03,0.07,RISE 글로벌비만산업TOP2+,KB자산운용,20240227,DEFENSE
903,301400,2025-04-25,11895,12100,-0.06,0.05,PLUS 코스닥150,한화자산운용,20180705,SECTOR
904,391670,2025-04-25,9600,9485,-0.04,0.06,HK 베스트일레븐액티브,흥국자산운용,20210706,SECTOR
905,450120,2025-04-25,11640,12035,0.08,0.03,KIWOOM SK그룹대표주,키움투자자산운용,20221223,SECTOR
906,252410,2025-04-25,5885,5740,-0.1,-0.06,RISE 200선물인버스,KB자산운용,20160912,DIVIDEND
907,140570,2025-04-25,11285,11780,-0.08,0.01,RISE 수출주,KB자산운용,20110415,DIVIDEND
908,291890,2025-04-25,7865,8250,-0.06,0.1,KODEX MSCI EM선물(H),삼성자산운용(ETF),20180323,SECTOR
909,334690,2025-04-25,4830,4775,-0.09,0.09,RISE 팔라듐선물(H),KB자산운용,20190924,MULTI_ASSET
910,205720,2025-04-25,2520,2455,-0.06,-0.09,ACE 일본TOPIX인버스(합성 H),한국투신운용(ETF),20140929,SECTOR
911,291680,2025-04-25,8920,8710,0.02,-0.07,RISE 차이나H선물인버스(H),KB자산운용,20180323,REITS
912,381570,2025-04-25,6020,6450,-0.02,-0.07,HANARO Fn친환경에너지,NH-Amundi자산운용,20210402,ESG
913,139290,2025-04-25,15320,15735,0.08,0.05,TIGER 200 경기소비재,미래에셋자산운용,20110406,DIVIDEND
914,407170,2025-04-25,8600,8675,0.06,0.06,KCGI 스마트커머스액티브,KCGI자산운용,20211116,AI_DATA
915,486780,2025-04-25,11175,11355,-0.03,-0.06,HANARO 200선물레버리지1.5X,NH-Amundi자산운용,20240709,MULTI_ASSET
916,373790,2025-04-25,15280,15390,-0.05,0.0,KIWOOM 미국방어배당성장나스닥,키움투자자산운용,20201224,SECTOR
917,244660,2025-04-25,8475,8545,-0.02,0.07,KODEX 퀄리티Plus,삼성자산운용(ETF),20160513,SECTOR
918,244670,2025-04-25,8295,8480,0.02,0.05,KODEX 밸류Plus,삼성자산운용(ETF),20160513,SECTOR
919,256450,2025-04-25,8195,8375,-0.05,0.01,PLUS 심천차이넥스트(합성),한화자산운용,20161108,SECTOR
920,466810,2025-04-25,4220,4380,0.02,0.02,BNK 2차전지양극재,BNK자산운용,20231019,SECTOR
921,266390,2025-04-25,8175,8320,-0.02,0.0,KODEX 경기소비재,삼성자산운용(ETF),20170328,DIVIDEND
922,454180,2025-04-25,8940,9115,0.01,-0.04,KIWOOM 차이나내수소비TOP CSI,키움투자자산운용,20230404,SECTOR
923,407160,2025-04-25,8010,8200,-0.01,0.01,KCGI 테크미디어텔레콤액티브,KCGI자산운용,20211116,DEFENSE
924,476260,2025-04-25,5825,6240,-0.04,0.04,HANARO 반도체핵심공정주도주,NH-Amundi자산운용,20240227,SEMICONDUCTOR
925,433250,2025-04-25,11255,11480,0.09,0.07,UNICORN R&D 액티브,현대자산운용,20220706,AI_DATA
926,486790,2025-04-25,10755,11030,0.05,0.03,HANARO 코스닥150선물레버리지1.5X,NH-Amundi자산운용,20240709,SECTOR
927,471290,2025-04-25,104850,104890,-0.07,0.05,HANARO CD금리액티브(합성),NH-Amundi자산운용,20231114,SECTOR
928,487130,2025-04-25,7680,7875,0.07,-0.07,KoAct AI인프라액티브,삼성액티브자산(ETF),20240709,AI_DATA
929,487750,2025-04-25,6860,7100,-0.0,-0.01,BNK 온디바이스AI,BNK자산운용,20240723,SECTOR
930,427120,2025-04-25,7230,7175,0.08,-0.1,RISE 플랫폼테마,KB자산운용,20220517,DIVIDEND
931,419170,2025-04-25,14220,14715,0.06,-0.05,HANARO 미국메타버스iSelect,NH-Amundi자산운용,20220222,SECTOR
932,306520,2025-04-25,10645,10350,-0.01,0.05,HANARO 200선물인버스,NH-Amundi자산운용,20180918,MULTI_ASSET
933,476000,2025-04-25,6585,6750,-0.1,0.1,UNICORN 포스트IPO액티브,현대자산운용,20240227,DIVIDEND
934,429870,2025-04-25,7290,7330,-0.05,-0.08,KIWOOM 리츠이지스액티브,키움투자자산운용,20220524,SECTOR
935,277650,2025-04-25,14260,14570,0.01,-0.02,TIGER 코스피중형주,미래에셋자산운용,20170831,DIVIDEND
936,413220,2025-04-25,3565,3580,0.03,0.06,SOL 차이나태양광CSI(합성),신한자산운용,20211222,DEFENSE
937,291620,2025-04-25,7035,6925,-0.05,-0.06,KIWOOM 코스닥150선물인버스,키움투자자산운용,20180316,SECTOR
938,220130,2025-04-25,4380,4405,-0.07,0.01,SOL 차이나강소기업CSI500(합성 H),신한자산운용,20150608,SECTOR
939,253240,2025-04-25,5955,5795,0.07,0.05,KIWOOM 200선물인버스,키움투자자산운용,20160912,MULTI_ASSET
940,243890,2025-04-25,2910,3220,0.1,0.02,TIGER 200에너지화학레버리지,미래에셋자산운용,20160513,SECTOR
941,280940,2025-04-25,4545,4480,0.01,-0.06,KODEX 골드선물인버스(H),삼성자산운용(ETF),20171109,GOLD
942,238670,2025-04-25,11050,11135,-0.07,-0.03,PLUS 스마트베타Quality채권혼합,한화자산운용,20160224,MULTI_ASSET
943,139310,2025-04-25,5485,5635,-0.05,0.06,TIGER 금속선물(H),미래에셋자산운용,20110408,MULTI_ASSET
944,266550,2025-04-25,12565,12790,-0.1,0.01,PLUS 중형주저변동50,한화자산운용,20170328,MULTI_ASSET
945,139240,2025-04-25,8570,8910,0.08,-0.1,TIGER 200 철강소재,미래에셋자산운용,20110406,COMMODITIES
946,437550,2025-04-25,10240,10430,-0.08,0.05,KIWOOM 글로벌리츠이지스액티브,키움투자자산운용,20220729,DEFENSE
947,469790,2025-04-25,9880,10160,0.02,-0.09,KIWOOM K-테크TOP10,키움투자자산운용,20231031,MULTI_ASSET
948,334700,2025-04-25,5780,5885,-0.05,0.05,RISE 팔라듐선물인버스(H),KB자산운용,20190924,MULTI_ASSET
949,465620,2025-04-25,12010,11130,0.01,-0.06,ACE 미국빅테크TOP7 Plus인버스(합성),한국투신운용(ETF),20230912,SECTOR
950,482030,2025-04-25,6070,6370,0.03,0.09,KoAct 테크핵심소재공급망액티브,삼성액티브자산(ETF),20240514,DEFENSE
951,145670,2025-04-25,5725,5585,0.07,-0.03,ACE 인버스,한국투신운용(ETF),20110908,AI_DATA
952,426330,2025-04-25,13845,14230,-0.06,-0.03,KIWOOM 미국ETF산업STOXX,키움투자자산운용,20220426,USA
953,291630,2025-04-25,3460,3565,-0.1,-0.07,KIWOOM 코스닥150선물레버리지,키움투자자산운용,20180316,SECTOR
954,415920,2025-04-25,3835,3835,-0.07,-0.04,PLUS 글로벌희토류&전략자원생산기업,한화자산운용,20220118,CORPORATE_BOND
955,433860,2025-04-25,12600,12840,0.08,0.08,PLUS TDF2040액티브,한화자산운용,20220630,MULTI_ASSET
956,098560,2025-04-25,7555,7600,0.07,0.1,TIGER 방송통신,미래에셋자산운용,20070907,DIVIDEND
957,433870,2025-04-25,13050,13665,0.02,-0.03,PLUS TDF2050액티브,한화자산운용,20220630,MULTI_ASSET
958,473500,2025-04-25,5465,5830,0.02,-0.01,KIWOOM 글로벌전력반도체,키움투자자산운용,20231221,DEFENSE
959,433850,2025-04-25,12135,12520,0.03,0.04,PLUS TDF2030액티브,한화자산운용,20220630,MULTI_ASSET
960,407300,2025-04-25,5930,6090,-0.06,0.08,HANARO Fn골프테마,NH-Amundi자산운용,20211124,SECTOR
961,261060,2025-04-25,11805,12230,0.08,0.02,TIGER 코스닥150IT,미래에셋자산운용,20161215,SECTOR
962,275750,2025-04-25,3970,3915,-0.02,-0.02,RISE 코스닥150선물인버스,KB자산운용,20170801,SECTOR
963,306530,2025-04-25,6950,7150,-0.02,-0.02,HANARO 코스닥150선물레버리지,NH-Amundi자산운용,20180918,SECTOR
964,301410,2025-04-25,6015,5915,0.0,0.04,PLUS 코스닥150선물인버스,한화자산운용,20180711,SECTOR
965,227550,2025-04-25,8215,8245,-0.09,-0.1,TIGER 200 산업재,미래에셋자산운용,20150923,SECTOR
966,470310,2025-04-25,7055,7355,-0.07,0.02,UNICORN 생성형AI강소기업액티브,현대자산운용,20231121,HIGH_RISK
967,252000,2025-04-25,11535,11930,0.05,-0.03,TIGER 200동일가중,미래에셋자산운용,20160920,SECTOR
968,472490,2025-04-25,11015,11440,-0.08,0.06,HANARO 미국애그테크,NH-Amundi자산운용,20231128,SECTOR
969,412560,2025-04-25,1652,1671,0.02,-0.08,TIGER BBIG레버리지,미래에셋자산운용,20211215,DIVIDEND
970,432850,2025-04-25,10250,10350,-0.05,0.02,HANARO 글로벌백신치료제MSCI,NH-Amundi자산운용,20220608,MULTI_ASSET
971,397410,2025-04-25,55610,55635,-0.02,-0.0,RISE 국채선물5년추종인버스,KB자산운용,20210831,DIVIDEND
